standard_job_title,worker_count
คนงานเกษตร,42247
ผลิตผลิตภัณฑ์โลหะ,20864
คนงานอุตสาหกรรมทั่วไป,17296
คนงานทั่วไป,15372
กรรมกรหรือคนงาน,12490
ผู้ปฏิบัติงานก่อสร้างอื่น ๆ,12163
นวดแผนโบราณ,7129
ผลิตชิ้นส่วนอิเลคทรอนิคส์,6592
คนงานผลิตผลิตภัณฑ์ พลาสติก,5120
ผลิตเครื่องจักรกล,4108
คนงานผลิตผลิตภัณฑ์ทั่วไป,4056
ช่างเชื่อม,3831
อุตสาหกรรมผลิตอาหาร,3774
กุ๊ก,3541
คนงานผลิตสิ่งทอ,3532
เกษตรกรทั่วไป,3016
เกษตรกรเก็บผลไม้ป่า,2924
พนักงานบรรจุอาหาร,2473
ชาวประมงและผู้ปฏิบัติงานที่เกี่ยวข้อง,2451
ผลิตอาหารสำเร็จรูป,2433
ช่างไม้ (ก่อสร้าง),2236
ผลิตผลิตภัณฑ์ยาง,1905
ผลิตชิ้นส่วนรถยนต์และรถจักรยานยนต์,1883
ผลิตผลิตภัณฑ์อาหารแช่แข็ง,1781
ผลิตอะไหล่รถจักรยาน,1581
พนักงานต้อนรับบนอากาศยาน,1502
ผลิตอุปกรณ์ชิ้นส่วนรถยนต์,1460
กุ๊ก (อาหารไทย),1347
ผู้ช่วยงานบ้าน,1323
ช่างเหล็ก,1278
พนักงานทั่วไป,1277
ช่างปูกระเบื้อง,1229
แม่บ้าน,1189
ช่างเทคนิค,1130
พนักงานเสริฟ,1119
ผู้อนุบาล,1118
ช่างปูน,1058
ผลิตผลิตภัณฑ์กระดาษ,912
เกษตรกรเก็บผลไม้ในฟาร์ม,912
ผู้ทำงานในสวนเพาะชำและผู้ทำสวนอื่น ๆ,899
ผลิตผลิตภัณฑ์พลาสติก,877
ผลิตผลิตภัณฑ์ซีเมนต์,853
ลูกเรือหาปลา,849
พนักงานโรงงาน(ซึ่งมิได้จัดประเภทไว้),832
ช่างประกอบท่อ,822
ช่างซ่อมบำรุง,790
วิศวกร,762
ผลิตภัณฑ์เคมี' ผลิตเคมีภัณฑ์,756
พ่อครัวชั้นหนึ่ง,705
บรรจุหีบห่อ,668
คนงานในฟาร์มทั่วไป,631
ประกอบอุปกรณ์ไฟฟ้าอิเลคทรอนิกส์,622
พนักงานฝึกงาน,609
ทำความสะอาด,596
ผลิตอุปกรณ์ชิ้นส่วนรถจักรยานยนต์,590
ผู้ทำปลาและอาหารทะเลอื่น ๆ,585
ช่างไม้แบบ,564
พนักงานเครื่องหล่อพลาสติก,563
เกษตรกรพืชไร่และผัก,551
ผลิตอลูมิเนียม,547
พนักงานรับรายการอาหาร,542
กลึงโลหะ,534
ผลิตกระจก,507
ผู้เลี้ยงปศุสัตว์อื่น ๆ,497
ช่างผูกเหล็ก,493
ผลิตเหล็ก,488
ประกอบเครื่องจักรกล,476
ผู้ซักรีดทั่วไป,474
เกษตรไร่องุ่น,454
ช่างเหล็ก (ก่อสร้าง),444
พนักงานตรวจสอบ-ควบคุมคุณภาพงาน,437
ผลิตแก้ว,393
ผลิตแบตเตอรี่,381
ผู้ช่วยกุ๊ก,378
ผู้ดูแลงาน,370
หัวหน้างานทั่วไป,370
ชุบโลหะ,368
ผลิตอุปกรณ์ชิ้นส่วนยานพาหนะ,366
ผลิตเฟอร์นิเจอร์ (ชาย),351
ขัดผิวโลหะ,343
ชาวประมง พราน และผู้ปฏิบัติงานที่เกี่ยวข้อง,324
ผลิตชิ้นส่วนและประกอบเครื่องกำเนิดไฟฟ้า,314
ช่างประกอบโครงสร้าง,300
พนักงานบริการห้องอาหาร,297
ช่างไฟฟ้าทั่วไป,294
กรรมกรหรือคนงานทำงานหนัก,292
ผลิตประกอบยานพาหนะในการขนส่ง,290
พนักงานเสริฟ พนักงานปรุงและเสริฟเครื่องดื่ม และอื่น ๆ,287
ควบคุมเครื่องจักร,285
พนักงานทอผ้า,283
ช่างทาสีอาคาร,281
ผู้จัดการทั่วไป,279
คนงานผลิตสิ่งพิมพ์,274
ประกอบอุปกรณ์ไฟฟ้า,273
พนักงานผลิต ผลิตภัณฑ์หินอ่อน,252
ช่างปูนฉาบ,251
พนักงานต้อนรับ,250
โฟร์แมน,248
ล่าม,243
พนักงานผลิต ผลิตภัณฑ์เซรามิค,238
ผลิตสายไฟฟ้า,237
เครื่องปั้นดินเผา,235
ช่างเสริมสวย,233
วิศวกรอื่น ๆ,232
ช่างประกอบนั่งร้าน,231
นายเรือ; นายท้าย; กัปตันเรือ,228
ผู้ปฏิบัติงานเกี่ยวกับการผลิตซึ่งมิได้จัดประเภทไว้ในที่อื่น,228
ผลิตเหล็กแผ่น,220
พนักงานและคนงานปลูกป่า,219
ผลิตผลิตภัณฑ์ใยแก้ว,215
ประกอบชิ้นส่วนเครื่องใช้ไฟฟ้า,206
กรรมกรหรือคนงานทำงานเบา,202
คนทำสวน,198
ช่างทำขนมปัง,196
พนักงานปรุงและเสริฟเครื่องดื่ม,196
พนักงานขาย,195
ตัดโลหะ,194
ช่างเชื่อมท่อ,191
หล่อเหล็ก,190
ควบคุมเครื่องจักรกล,188
พนักงานขับรถ,180
คนทำความสะอาดอาคาร,178
พนักงานทำความสะอาดห้องพัก,165
ผู้ช่วยพนักงานเสริฟ,163
เกษตรเลี้ยงปศุสัตว์,160
ผลิตภัณฑ์ไม้,160
ผลิตอาหารสัตว์,157
กุ๊ก (อาหารญีปุ่น),155
คนงานชุบโลหะด้วยไฟฟ้า,153
ช่างทำขนมประเภทอบ และช่างทำขนมอื่น ๆ,149
บาร์เทนเดอร์  ชาย/หญิง,148
พนักงานในครัว,145
ช่างพ่นสี,142
ประกอบชิ้นส่วนอิเลคทรอนิกส์,140
ช่างสี (ชั้น 1),137
นักแต่งเพลง นักดนตรี นักร้อง นักแสดง อื่น ๆ,133
ผู้โค่นต้นไม้,131
ผู้ช่วยช่าง,128
พ่อครัวอาหารไทย,128
ผู้ควบคุมงานผลิต หัวหน้าคนงานทั่วไปอื่น ๆ,124
ผู้ปฏิบัติงานเกี่ยวกับการผลิต ซึ่งมิได้จัดประเภทไว้ที่อื่น,119
ผู้เชี่ยวชาญ,116
ผลิตเฟอร์นิเจอร์ไม้,113
ช่างเหล็กเสริมคอนกรีต,113
เกษตรกรสวนผลไม้,113
พนักงานผสมคอนกรีต(ขนาดเล็ก),109
ผู้ช่วยผู้จัดการ,108
พนักงานอุตสาหกรรมผลิตผลิตภัณฑ์ยานยนต์,108
ช่างทำเล่มหนังสือและอื่น ๆ,107
พนง.ขับรถแมคโคร,106
ผลิตประกอบรถจักรยาน,103
ผลิตกล่องกระดาษ,102
พนักงานบริการเครื่องดื่ม,102
คนงานอุตสาหกรรมผลิตเสื้อผ้า,99
ช่างไม้ทั่วไป,98
พนักงานขับรถแมคโคร,97
ช่างฉาบปูนทั่วไป,97
ช่างเครื่องยนต์เบนซิน,96
พนักงานขับรถเครน,94
ปั่นด้าย,92
พนักงานนั่งร้าน,91
ผู้ทำงานกสิกรรมและผู้เลี้ยงสัตว์ อื่น ๆ,90
พนักงานขายของหน้าร้านอื่น ๆ,89
ผู้ปฏิบัติงานอาชีพบริการอื่น ๆ,88
ช่างซ่อมเครื่องยนต์,86
ช่างติดตั้งโครงสร้าง,85
ช่างดัดเหล็ก,85
ช่างทาสี โครงเหล็กกล้า และลำเรือ,84
ช่างแต่งเล็บ,82
ช่างทำผลิตภัณฑ์หนังทั่วไป,81
ย้อมผ้า,81
พนักงานขับรถแบ็คโฮ,81
ช่างปรับไฟฟ้า หม้อแปลงไฟฟ้า,80
ลูกเรือทั่วไป,77
ผลิตกระดาษ,76
พนักงานรักษาความปลอดภัย,76
ชำแหละเนื้อสัตว์,76
ผู้ควบคุมงานผลิต และหัวหน้าคนงานทั่วไป(หมวดอาชีพ),74
ช่างตกแต่งภายใน,74
พนักงานล้างจาน,73
ผลิตผลิตภัณฑ์คอนกรีต,73
ช่างประกอบเครื่องมือไฟฟ้าและอิเลกทรอนิกส์,72
พนักงานขับรถโฟลคลิฟท์,72
ช่างหล่อโลหะ,72
ตัดหินอ่อน,71
คนงานผลิตผลิตภัณฑ์กระเบื้องเคลือบ,70
ช่างประกอบแว่นตา,69
ชาวไร่;เกษตรกรปลูกพืชเลี้ยงสัตว์,67
ช่างเขียนแบบโครงสร้าง,65
ช่างทาสีซึ่งมิได้จัดประเภทไว้ในที่อื่น,65
ผู้ประสานงาน,64
พนักงานควบคุมการตัดโลหะ,63
ช่างเครื่องยนต์ทั่วไป;ช่างซ่อมเครื่องจักรกลโลหะทั่วไป,63
ช่างประกอบถังเพรสเชอร์,63
พนักงานขายของหน้าร้าน (ค้าปลีก),63
ช่างท่อทั่วไป,62
ช่างไฟฟ้าประจำเรือ,61
ผลิตรองเท้า,61
พนักงานธุรการ,60
กลาสีเรือ,59
จนท.ควบคุมการขนส่งและคมนาคมอื่น ๆ,58
ผู้ทำงานเพาะปลูกพืชไร่และผักอื่น ๆ,58
ผู้ควบคุมงานเครื่องกล,57
ช่างเย็บผ้า,57
ช่างเชื่อม  6  จี/อาร์กอน,56
ผู้ติดตั้งฉนวนหุ้มท่อ,53
พยาบาลวิชาชีพทั่วไป,53
ผู้ปลูกไม้ดอก ชาวสวนดอกไม้,52
ช่างแต่งผม ช่างตัดผม ช่างเสริมสวย และผู้ปฏิบัติงานที่เกี่ยวข,51
หัวหน้าพนักงานเสริฟ,50
พนักงานบัญชีทั่วไป,49
ช่างซ่อมยานยนต์,48
ควบคุมซ่อมแซมและติดตั้งเครื่องจักรกล,48
เคลือบโลหะ,48
ผู้ช่วยพ่อครัว,47
ทำไร่ ทำนา,46
ควบคุมเครื่องผลิตอะไหล่รถยนต์,46
ช่างปูนปาสเตอร์,46
เจ้าหน้าที่ระบบข้อมูล,46
ช่างสีรถยนต์,45
พนักงานขับรถขุด,45
ผลิตอุปกรณ์กีฬา,45
ช่างประกอบผลิตภัณฑ์โลหะทั่วไป,45
วิศวกรเครื่องกลทั่วไป,44
ช่างทำโลหะแผ่น,43
รองต้นกล; นายช่างกล,43
ผู้กรีดยาง(น้ำยาง),43
ช่างกลึงอัดโลหะ,43
ผู้จัดการโครงการ,43
คนงานอู่ต่อเรือ,43
คนงานอุตสาหกรรมผลิตสายเคเบิล,43
หัวหน้างานก่อสร้าง,41
ทอผ้า,41
ผลิตประกอบรถยนต์,41
ช่างประปา,40
ช่างไฟฟ้าฝ่ายบำรุงรักษา,40
หัวหน้าช่างเชื่อม,39
ผู้ปรุงอาหารอื่น ๆ,39
ผู้ฝึกสอนกีฬา,39
ช่างไฟฟ้า,39
ผู้เพาะเลี้ยงสัตว์น้ำ,39
พนักงานอุตสาหกรรมผลิตกระดาษ,38
ผู้ปรุงอาหาร,38
พนักงานแท่นขุดเจาะ,38
นักแสดง,37
อุตสาหกรรมสิ่งทอ,37
นักวิเคราะห์ระบบงานคอมพิวเตอร์,37
ช่างเครื่องประจำเรือ,37
พนักงานดูแลห้องพัก,37
ผลิตผลิตภัณฑ์หิน,37
หัวหน้าช่างประกอบท่อ,35
ช่างติดตั้งเครื่องจักร,34
ผู้ทำงานในฟาร์มโคนมอื่น ๆ,34
พนักงานควบคุมการผลิต,34
ขนถ่ายสินค้า,33
ปั๊มโลหะ,33
พนักงานโรงงาน(ทอผ้า),32
นายประจำเรือ ต้นเรือ ต้นหนเรือเดินทะเล,32
ผู้ควบคุมงานทั่วไป,32
นักบริหาร/ผู้ดูแลฐานข้อมูล; ที่ปรึกษาด้านระบบฐานข้อมูลคอมพิวเตอร์,32
ผู้จัดการฝ่ายผลิต,32
ผู้ช่วยพยาบาล,31
บริกรหญิง,31
ผู้จัดซื้อ;ตัวแทนจัดซื้อ; ผู้จัดการฝ่ายซื้อ,31
ช่างเทคนิควิศวกรรมอื่น ๆ,31
พนักงานออกแบบรถยนต์,30
ช่างเทคนิควิศวกรรมการผลิต,30
ผู้ทำผลิตภัณฑ์ยางและพลาสติก,30
คนงานแท่นขุดเจาะ,30
ผลิตประกอบรถจักรยานยนต์,30
ที่ปรึกษา,29
ช่างเคาะพ่นสี,29
เจ้าหน้าที่ควบคุมคุณภาพ,29
ผู้ให้บริการความปลอดภัยอื่น ๆ,28
วิศวกรโยธาทั่วไป,28
ช่างทองและช่างเงิน,28
ช่างซ่อมเครื่องจักรกล (ยานยนต์),28
พนักงานรับโทรศัพท์,27
ผู้ช่วยผู้ปรุงอาหาร,27
หญิงเลี้ยงเด็ก,27
ตัดยาง,27
พนักงานขับรถบรรทุก,26
หมอนวด,26
เจ้าหน้าที่ฝึกงาน,26
พิมพ์และฟอกย้อม (ผ้า),26
ขุดเจาะบ่อน้ำมัน,26
หลอมโลหะ,25
หลอมเหล็ก,25
ผู้ควบคุมงาน งานก่อสร้าง,24
ช่างเครื่องมือวัด/ควบคุมอาวุโส,24
ตัดพลาสติก,24
ช่างภาพทั่วไป,24
ช่างกลึง; ช่างตั้งและใช้เครื่องกลึง,24
ช่างประกอบแบบเหล็ก,24
ควาญช้าง,24
บริกรชาย,24
ตัดเหล็ก,24
วิศวกรไฟฟ้าทั่วไป,23
ช่างซ่อมเครื่องจักรกล อื่น ๆ,23
ช่างฝังเพชรพลอย,23
ซักผ้า,23
ผลิตซีเมนต์,23
ผลิตเครื่องเคลือบดินเผา,23
เลขานุการ,23
ผู้จัดการฝ่ายการเงินและบัญชี;ผู้จัดการฝ่ายการเงิน,22
เชฟ เดอ ปาร์ดี้ ชาย,22
ช่างขึ้นรูปโลหะด้วยมือ,22
ช่างเครื่องกำเนิดไฟฟ้า,22
ทำขนม,22
รีดเหล็ก,22
ผู้ทำงานในสวนไม้ผล สวนองุ่นสวนต้นไม้ และสวนไม้พุ่มอื่น ๆ,21
ช่างทำเครื่องมือทั่วไป,21
วิศวกรการผลิต,21
เกษตรกรไร่ชา,21
ช่างเทคนิคไฟฟ้า,21
นักบิน,20
วิศวกรโยธา,20
ผลิตผลิตภัณฑ์จากแร่อื่น ๆ ที่ไม่ใช่โลหะ,20
กรรมกรหรือคนงานอื่น ๆ,20
หัวหน้าช่างประกอบ,20
ผู้ช่วยพนักงานทำความสะอาด,20
ช่างคุมเตาหลอมแก้ว และเครื่องดินเผาอื่น ๆ,20
ขับโฟคล์ลีฟ,20
พนักงานเครื่องขุดตัก,20
ผลิตเครื่องสุขภัณฑ์,20
นักวิเคราะห์ระบบงาน,20
พนักงานรับ-จ่ายเงิน(สำนักงานหรือที่ทำการ),20
ควบคุมซ่อมแซมและติดตั้งเครื่องจักร,19
ช่างไฟฟ้าอาวุโส,19
ผู้จัดการแผนกห้องอาหาร,19
พนักงานขับรถเทเลอร์,19
ต้นกลเรือ,19
เกษตรกรเลี้ยงสัตว์ปีก,19
พนักงานควบคุมสโตร์,19
เจ้าหน้าที่การเงิน,19
โฟร์แมนโครงสร้าง,19
ผู้ช่วยกรรมการผู้จัดการ,19
ผู้ช่วยผู้จัดการทั่วไป,18
ผู้จัดการซึ่งมิได้จัดประเภทไว้ในที่อื่น ๆ,18
ช่างซ่อมแอร์,18
พนักงานขับรถแทรคเตอร์,18
รองหัวหน้างานทั่วไป,18
ผู้จัดการฝ่ายบุคคล,17
ช่างแต่งผม ช่างตัดผม ช่างเสริมสวย ฯ,17
ผู้เก็บรักษาปลา,17
หัวหน้าพ่อครัวมือ 1,17
ช่างทาสี,17
ช่างเชื่อมด้วยก๊าซและไฟฟ้า,17
ช่างมุงหลังคาอื่น ๆ,17
ผลิตแม่พิมพ์โลหะ,17
ช่างชุบและเคลือบโลหะทั่วไป,17
ผู้ปฏิบัติงานในกรรมวิธีการทำผลิตภัณฑ์นมเนยอื่น ๆ,16
นักกายภาพบำบัด;พนักงานกายภาพบำบัด,16
ผู้สีข้าว (เครื่องจักรสีข้าว),16
วิศวกรควบคุมประสิทธิภาพ,16
ช่างน้ำมัน และช่างอัดจาระบีประจำเรือ,16
ช่างก่อคอนกรีตเสริม (การก่อสร้าง),16
พนักงานให้สัญญาน,16
ช่างเครื่องยนต์ดีเซล,16
ผู้ทำงานป่าไม้,16
ผลิตน้ำมันพืช,16
วิศวกรด้านเทคนิคคอมพิวเตอร์,16
เกษตรกรสวนยาง,16
ช่างไฟฟ้าโรงงาน,16
หัวหน้าพนักงานห้องอาหารและเครื่องดื่ม,16
ช่างประกอบเรือ,15
ผู้ทำงานในฟาร์มสัตว์ปีก,15
พนักงานคุมเตาหลอมโลหะ,15
เสมียนทั่วไป,15
ผู้จัดการฝ่ายขาย,15
ผู้ปฏิบัติงานเกี่ยวกับการผลิต คนงานหรือกรรมกร(หมวดอาชีพ),15
ช่างเทคนิควิศวกรรมเครื่องกล,14
ผู้ทำผลิตภัณฑ์ยาง และพลาสติกอื่น ๆ,14
พนักงานเครื่องคอมพิวเตอร์อิเลกทรอนิกส์,14
ผู้จัดการฝ่ายการตลาด,14
ช่างเขียนแบบอื่น ๆ,14
ช่างทำสกรีน การพิมพ์สิ่งทอ สิ่งถัก,14
พนักงานขับรถตัก,14
ช่างเหล็กโครงสร้าง,13
ช่างซ่อมเครื่องยนต์หนัก,13
ช่างโลหะแผ่นทั่วไป,13
ช่างเจียระไนและขัดเพชรพลอย,13
ผลิตผลิตภัณฑ์จากหนังสัตว์,13
ผู้จัดการ Q.C. ตรวจสอบ,13
ช่างปรับเครื่องจักร และช่างประกอบเครื่องกลอื่น ๆ,13
ช่างก่อสร้างงานโครงเหล็ก,13
ช่างซ่อมเครื่องกลยานยนต์,13
ควบคุมเครนหอ,13
พนักงานเครื่องระบายอากาศ และเครื่องปรับอากาศ,13
สถาปนิก,13
อุตสาหกรรมการผลิตมอเตอร์ไฟฟ้า,13
ผู้ช่วยนายเรือ; ผู้ช่วยนายท้าย,12
ผลิตเฟอร์นิเจอร์เหล็ก,12
หญิงรับใช้และผู้ทำงานบ้านอื่นๆ,12
นักบัญชีอื่น ๆ,12
ช่างเชื่อมไฟฟ้า,12
ผู้ช่วยโฟร์แมน,12
หัวหน้างานไฟฟ้า,12
กุ๊ก (เบเกอรี่),12
ผู้ควบคุมแท่นขุดเจาะน้ำมัน,12
ช่างประกอบอุปกรณ์ไฟฟ้าและอิเลกทรอนิกส์อื่น ๆ,12
ผู้ช่วยช่างซ่อมเครื่องจักรกล (ทั่วไป),12
ผลิต ผลิตภัณฑ์ผ้าม่าน,12
ช่างเจียระไนโลหะ ช่างขัดเงาโลหะ และช่างลับเครื่องมือ อื่น ๆ,12
ขัดเงาแก้ว,11
ผู้จัดการซึ่งมิได้จัดประเภทไว้ในที่อื่น,11
ผู้ช่วยช่างขุดเจาะ,11
ผู้ปรุงอาหาร และเครื่องดื่ม พนักงานเสริฟ,11
ช่างฟอกหนัง,11
โปรแกรมเมอร์ทุกระบบ/ทุกด้าน,11
พนักงานขับรถเกรด,11
พนักงานเครื่องปิดและผนึกฝา,11
ช่างซ่อมตัวถังรถยนต์,11
กรรมการผู้จัดการ,11
คนงานวางท่อ,11
ช่างชุบและเคลือบโลหะอื่น ๆ,11
ผลิตเส้นใยสังเคราะห์,11
ผู้เขียนโปรแกรมคอมพิวเตอร์,11
ช่างตัดเสื้อผ้า,11
ช่างไฟฟ้ารถยนต์,11
ช่างปรับอุปกรณ์ทำความเย็นและปรับอากาศ,11
ผู้จัดการฟาร์ม (ปศุสัตว์),11
ผลิตลวดหนามหรือขดลวด,10
หัวหน้าแผนกซ่อมบำรุง,10
นักสำรวจทั่วไป,10
นักสถิติทั่วไป,10
ผู้ทำน้ำแข็ง,10
พนักงานขับรถบรรทุกหนัก,10
ชำแหละหมู,10
ช่างหล่อเหล็ก,10
ขัดหินอ่อน,10
ช่างทำกุญแจ,10
ผู้ช่วยเครน,10
ผู้วางแผน/ผู้ควบคุมคอมพิวเตอร์,10
ล่ามแปล,10
ช่างก่ออิฐ ช่างไม้ และปฏิบัติงานก่อสร้าง อื่น ๆ,10
พนักงานผลิตและประกอบเครื่องคอมพิวเตอร์,10
หัวหน้าช่างอุปกรณ์เครื่องจักรกล,10
ผลิตสี,10
ผลิตผลิตภัณฑ์หนัง,10
ช่างประกอบอุปกรณ์ไฟฟ้า,9
ช่างตัดเย็บเสื้อผ้า และอื่น ๆ,9
ช่างก่ออิฐ (ก่อสร้าง),9
สมุหบัญชี,9
วิศวกรเหมืองแร่ทั่วไป,9
ช่างทาสีก่อสร้างอื่น ๆ,9
แรงงานชำนาญงาน,9
ผู้ทำงานเพาะปลูกพืชไร่และผัก,9
รองกรรมการผู้จัดการ,9
พนักงานบัญชี และพนักงานรับ-จ่ายเงิน อื่น ๆ,9
พนักงานรับ-จ่ายเงิน(โต๊ะรับเงินสด),9
ช่างทำทอง (ฝีมือสูง),9
หัวหน้างานส่งสัญญาณเครน,8
กลึงและเจาะเหล็ก,8
ผู้ควบคุมงานไฟฟ้า,8
ช่างเงิน (สร้อยและเครื่องประดับ),8
ผลิตท่อพีวีซี,8
ช่างเหล็ก และพนักงานเครื่องทุบอัดโลหะอื่นๆ,8
เจ้าหน้าที่ควบคุมเอกสาร,8
เจ้าหน้าที่ควบคุมระบบไฟฟ้า,8
เจียระไนโลหะ,8
ช่างทำแม่พิมพ์,8
เสมียนการเจ้าหน้าที่,8
ทำความสะอาดหญิง,8
ควบคุมเครื่องจักรกลหนัก,8
ผู้จัดการทั่วไปในโรงแรม,8
เจ้าหน้าที่ประมวลผลข้อมูล,8
ช่างตัดเย็บเสื้อผ้า(สำเร็จรูป),8
ช่างเครื่องยนต์ประจำอากาศยาน,8
นักสำรวจอื่น ๆ,8
วิศวกรควบคุม/เครื่องมือวัด,8
เจ้าหน้าที่ประชาสัมพันธ์,8
ช่างตัดเย็บเสื้อผ้า ฯ และอื่นๆ,7
ช่างเครื่อง(ผู้เชี่ยวชาญด้านเครื่องยนต์),7
ผู้จัดการและหัวหน้าฝ่ายพัสดุและคลังสินค้า,7
ช่างติดกระจก (อาคาร),7
ช่างตัดเย็บเสื้อผ้า และช่างประดิษฐ์เครื่องแต่งกาย อื่น ๆ,7
ผู้จัดการ,7
แม่บ้าน (ยกเว้นส่วนบุคคล),7
ช่างปรับลิฟท์และอุปกรณ์ที่เกี่ยวข้องกัน,7
ผู้ปฏิบัติงานก่อสร้างซึ่งมิได้จัดประเภทไว้ในที่อื่น,7
ช่างพิมพ์ทั่วไป,7
ผลิตภัณฑ์เซรามิก,7
ช่างเชื่อมด้วยไฟฟ้า (เครื่องเชื่อม),7
ชาวประมง (เก็บหอยและสัตว์น้ำอื่น ๆ),7
ช่างทำเบาะ (ยานพาหนะ),7
ที่ปรึกษาด้านออกแบบระบบคอมพิวเตอร์,7
ช่างบัดกรี,7
วิศวกรควบคุมอาวุโส/เครื่องมือวัดอาวุโส,7
ช่างเทคนิควิศวกรรมไฟฟ้าและ อิเลกทรอนิกส์,7
ผู้จัดการ Q.A.,7
ผู้จัดการแผนกอาหารและเครื่องดื่ม,6
ผู้ประสานงานการท่องเที่ยว,6
ผู้ปรุงอาหารทั่วไป (สำเร็จรูป),6
ที่ปรึกษาอาวุโส,6
ควบคุมเครื่องจักรไฟฟ้า,6
ช่างซ่อมเครื่องมือหนัก,6
กุ๊ก (อาหารจีน),6
นักสัตวบาล (สัตว์เลี้ยง),6
พนักงานเสริฟ พนักงานปรุงและเสริฟเครื่องดื่ม,6
ช่างซ่อมเครื่องกลอากาศยาน,6
พยาบาลอื่น ๆ,6
พนักงานขับรถยก,6
ผู้ปฏิบัติงานอาชีพด้านบริการอื่น ๆ,6
กดแม่พิมพ์โลหะ,6
รองประธานกรรมการ,6
นักศึกษาฝึกงาน,6
หัวหน้าหน่วยห้องพัก,6
ผู้ตบแต่งสวนไม้ประดับ,6
ช่างทำเพชรพลอยทั่วไป,6
ช่างเทคนิควิศวกรรมโยธา,6
ช่างทำโครงเหล็กในโรงงาน,6
ช่างทอผ้าด้วยเครื่องจักร,6
ผู้ปฏิบัติงานในกรรมวิธีการทำอาหารและเครื่องดื่มอื่น ๆ,6
ช่างกลึงกระบอกสูบเครื่องยนต์,6
หัวหน้าฝ่ายบัญชี,6
หัวหน้าคนครัว,6
พนักงานขับรถกะบะเทหลัง;พนักงานขับรถดัมพ์ทรัก,6
นักดนตรี,6
ช่างไฟฟ้าอุปกรณ์หนัก,6
พนักงานจัดและตกแต่งดอกไม้ ไม้ประดับ,6
ช่างเลื่อยไม้ทั่วไป,6
อุตสาหกรรมผลิตชิ้นส่วนอิเลคทรอนิคส์,6
เจ้าหน้าที่บริหาร,6
ช่างเทคนิคไฟฟ้าและอิเลกทรอนิกส์อื่น ๆ,6
ผู้ปรุงอาหาร (ยกเว้นงานส่วนบุคคล),6
ช่างเชื่อมด้วยก๊าซ,6
นักออกแบบผลิตภัณฑ์อุตสาหกรรม และพาณิชย์,5
ช่างซ่อมแหอวน,5
หัวหน้าช่างเครื่องยนต์หนัก,5
ผู้ทำงานป่าไม้(ยกเว้นผู้ทำไม้),5
สถาปนิก วิศวกร/ผู้จัดการโครงการ,5
ช่างเครื่องกลอาวุโส,5
ขัดเหล็ก,5
ผู้ตรวจสอบปริมาณวัตถุ,5
ช่างไฟฟ้าประจำอาคาร,5
วิศวกรเหมืองแร่,5
ช่างซ่อมเครื่องจักรกลอากาศยาน,5
โรงงานฆ่าสัตว์,5
ช่างไฟฟ้าและช่างต่อสายไฟอื่น ๆ,5
ผู้ช่วยช่างอลูมิเนียม,5
ฉีดพลาสติก,5
ขัดไม้,5
กุ๊ก (อาหารฝรั่งเศล),5
ผลิตเหล็กม้วน,5
วิศวกรสำรวจ,5
ผู้ให้บริการความปลอดภัย,5
หัวหน้างานติดตั้งโครงสร้าง,5
หัวหน้าห้องอาหาร,5
พนักงานเครื่องอัดรีดพลาสติก,5
พนักงานควบคุมเครื่องมือหนัก,5
พนักงานขับรถบรรทุกเทท้าย (รถดัมพ์),5
คนงานอุตสาหกรรมผลิตเครื่องปั้ม,5
ผู้จัดซื้อ,5
วิศวกรก่อสร้างอาคาร,5
ผู้เลี้ยงผึ้ง,5
วิศวกรปิโตรเลียม (ฝ่ายผลิต),5
ช่างทำเหล็กเสริม (การก่อสร้าง),5
ผู้ทำงานฟาร์มทั่วไป,5
ล่าม (ภาษาจีน),5
ผู้ทำผลิตภัณฑ์จากกระดาษ และกระดาษแข็ง,5
ผู้ประสานงานด้านต่างประเทศ,5
เสมียนพนักงานฝ่ายสินค้าและพัสดุอื่น ๆ,4
สรั่งเรือ; ต้นเด่น;หัวหน้ากลาสี,4
ครู,4
พนักงานบริการยกกล่องบรรจุ,4
ผู้จัดการแผนกแม่บ้าน,4
ช่างซ่อมช่วงล่าง,4
วิศวกรไฟฟ้า (ผลิตพลังงาน),4
นักเคมีทั่วไป,4
ช่างตัดเย็บเสื้อผ้า (เฉพาะตัวบุคคล),4
หัวหน้างานประกอบโครงสร้าง,4
วิศวกรควบคุมต้นทุน,4
กลาสีปากเรือ,4
เจ้าหน้าที่พัสดุ,4
นักกายภาพบำบัดและนักอาชีวบำบัด,4
พนักงานศูนย์บริการธุรกิจ,4
หัวหน้างานดูแลเครื่องจักร,4
วิศวกรโยธา(ก่อสร้างถนนและทางหลวง),4
ช่างซ่อมเครื่องยนต์เรือเดินทะเล,4
ช่างคุมเครื่องหล่อมแม่พิมพ์(อุปกรณ์ไฟฟ้า),4
ประกอบเครื่องมือทางการแพทย์,4
ย้อมและตกแต่งสำเร็จ,4
นักวิชาการทางวิทยาศาสตร์เกี่ยวกับชีวิต,4
แพทย์แผนโบราณ,4
ช่างไฮดรอลิก,4
ช่างเพชรพลอยและโลหะที่มีค่าอื่น ๆ,4
ผู้ช่วยช่างเครื่องยนต์,4
เจ้าหน้าที่ประสานโครงการ,4
ผู้ช่วยคุมแท่นขุดเจาะน้ำมัน,4
พนักงานคุมเครื่องตัดเหล็กม้วน,4
ผลิตผลิตภัณฑ์อื่น ๆ ที่มิใช่โลหะ,4
พนักงานห้องเย็น,4
ช่างฟอกหนัง ถากหนังและขูดขน  และช่างตกแต่งขนสัตว์,4
วิศวกรรักษาความปลอดภัย,4
วิศวกรเครื่องกลอาวุโส,4
กรรมการรองผู้อำนวยการ,4
ช่างก่ออิฐ ก่อหิน และปูกระเบื้องอื่น ๆ,4
ช่างซ่อมเครื่องจักรกลยานยนต์อื่น ๆ,4
ผู้ประสานงาน(ด้านใด  ลงสาขาอาชีพนั้น),4
พนักงานเครื่องอัดรีดยาง,4
พนักงานดูแลเครื่องจักร,4
ช่างติดตั้งอุปกรณ์ไฟฟ้า,4
ผู้จัดการด้านฝึกอบรม,4
ช่างวางท่อ ช่างเชื่อมโลหะ ทำ ติดตั้งโลหะแผ่น โครงสร้างโลหะ,4
ผู้ช่วยผู้ควบคุมการผลิต,4
พนักงานหลอม และเผาโลหะอื่น ๆ,4
ช่างสี (ชั้น 2),4
ช่างทำที่นอน,4
นักบัญชี,4
ผู้ทำงานในสวนไม้ผล ไม้ต้น องุ่น ไม้พุ่ม,4
ฝึกอบรมทางอุตสาหกรรม,4
นักสำรวจ,4
นักวิเคราะห์เมล็ดพืช,4
พนักงานชำนาญการขาย และให้คำปรึกษาแนะนำในการใช้สินค้า,4
กุ๊ก (อาหารอิตาเลียน),3
พนักงานขับรถบดถนน;คนขับรถบดถนน,3
เจ้าหน้าที่บริหาร ของหน่วยงานเอกชน,3
ช่างตกแต่งแม่พิมพ์,3
ช่างเทคนิควิศวกรรมเคมี,3
อาจารย์,3
เจาะโลหะ,3
ผู้ช่วยรองผู้อำนวยการ,3
เกษตรโคนม,3
วิศวกรไฟฟ้าและอิเลกทรอนิกส์อื่น ๆ,3
ช่างพันคอยล์ด้วยมือ,3
พนักงานขับรถผสมปูน,3
ช่างทำขนมประเภทอบทั่วไป,3
ผู้ปฏิบัติงานเกี่ยวกับการกลั่นน้ำมันอื่น ๆ,3
พนักงานขับรถจักรและช่างไฟอื่น ๆ,3
เจ้าหน้าที่บริหารงานหน่วยงานเอกชน,3
ผู้ช่วยพ่อครัวมือ2,3
ผู้ทำงานในฟาร์มโคนม,3
ช่างฉาบปูนอื่น ๆ,3
หัวหน้าศูนย์บริการธุรกิจ,3
ผู้ควบคุมงานบริหารคุณภาพ,3
พนักงานเครื่องอัดหล่อยาง,3
หัวหน้าแผนกต้อนรับ,3
ช่างไฟฟ้าและช่างเดินสายไฟฟ้า,3
ผู้ปฏิบัติงานซึ่งมิอาจจัดประเภทอาชีพได้,3
ช่างเดินสายไฟ,3
พนักงานขับรถยิงปูน,3
ช่างตัดต่อท่อ,3
ถักเสื้อผ้า,3
วิศวกรเครื่องกล (การบำรุงรักษา),3
ช่างหุ้มฉนวน,3
วิศวกรเครื่องกล (โครงสร้าง),3
ผลิต ผลิตภัณฑ์ไฟเบอร์,3
ช่างอัดบีบโลหะ; ช่างรีดโลหะ,3
รีดผ้า,3
พ่อครัวมือ3,3
ช่างตั้งและใช้เครื่องมือกลอื่น ๆ,3
นักสถิติ นักคำนวณ นักวิเคราะห์ระบบงานและนักวิชาการฯ,3
พนักงานเครื่องตอกเสาเข็ม,3
พนักงานบรรจุหีบห่อปลาแช่แข็ง,3
ช่างออกแบบไฟฟ้า,3
วิศวกรโยธาอื่น ๆ,3
โฟร์แมนไฟฟ้าอาคาร/โรงงาน,3
ผู้โม่ บด และผสมอื่น ๆ,3
ผู้บรรจุหีบห่อด้วยมือ,3
ผู้ทำยางรถ,3
เสมียนคลังพัสดุ,3
พนักงานอบชุบทั่วไป,3
ควบคุมเครื่องรีดแผ่นเหล็ก,3
ช่างเทคนิคอิเลกทรอนิกส์,3
เสมียนชั่งน้ำหนัก,3
พนักงานค้ำยันอุโมงค์,3
ผู้ปั่นด้ายด้วยเครื่องจักร,3
เจ้าของกิจการค้าปลีก,3
นักดนตรี นักร้อง,3
ผู้ช่วยพนักงานทำอาหาร/ขนมปัง/ชำแหละเนื้อ/ขนมหวาน,3
นักธรณีวิทยา,3
ที่ปรึกษาทางกฎหมาย จนท.ฝ่ายกฎหมาย,3
ลูกเรือชำนาญงาน,3
ผู้ควบคุมดูแลเสมียนพนักงานอื่น ๆ,3
พนักงานแปล,3
พนักงานพิมพ์และย้อมผ้า,2
ผู้ปฏิบัติงานเกี่ยวกับการกลั่นน้ำมัน,2
คนงานผูกลวดสลิงและให้สัญญาณปั้นจั่น,2
ผู้จัดการระบบข้อมูลข่าวสาร,2
ผู้ทำงานในฟาร์มสัตว์ปีกอื่น ๆ,2
ผู้จัดการแผนกต้อนรับ,2
ผู้เชี่ยวชาญชาวต่างประเทศ(เชี่ยวชาญด้านใด ให้ลงสาขาอาชีพนั้น),2
ผู้ทำความสะอาด และผู้ปฏิบัติงานที่เกี่ยวข้องกัน อื่น ๆ,2
ผู้ช่วยช่างบัดกรีท่อแอร์,2
ผู้ทำงานในสวนเพาะชำ ผู้เพาะต้นไม้ขาย,2
ช่างเหล็ก ช่างทำเครื่องมือ และพนักงานเครื่องมือกลอื่น ๆ,2
วิศวกรอุโมงค์,2
พนักงานขาย พนักงานขายหน้าร้าน ฯ,2
หัวหน้างานติดตั้งเครื่องจักร,2
นักธรณีฟิสิกส์,2
เสมียนพนักงานอื่น ๆ,2
ผู้ดูแลช่างไฟฟ้า,2
ช่างเชื่อมและช่างตัดด้วยเปลวไฟอื่น ๆ,2
ล่าม (ภาษาจีนกลาง),2
หัวหน้าคนทำสวน,2
พนักงานเครื่องกลั่นน้ำมัน,2
ชุบไฟฟ้า,2
ผลิตผลิตภัณฑ์จากขนสัตว์,2
ช่างปรับไฟฟ้า,2
ผู้ทำเส้นหมี่และเส้นก๋วยเตี๋ยว,2
ผู้ควบคุมวัสดุอุปกรณ์,2
ช่างไฟฟ้า-ประปา,2
ช่างทำเกลียวเส้นด้ายด้วยเครื่องจักร,2
กุ๊ก (อาหารอเมริกัน),2
พนักงานคัดเลือกสัตว์น้ำเพื่อการแช่แข็ง,2
พนักงานขับรถยนต์,2
พนักงานห้องซักรีด,2
ช่างเทคนิควิศวกรรมโลหะ,2
ผู้ควบคุมการขายและผู้จัดซื้อ,2
ช่างหล่อโลหะอื่น ๆ,2
วิศวกรอิเลกทรอนิกส์,2
ช่างเหล็ก ช่างทำเครื่องมือและ พนักงานเครื่องมือกล,2
ช่างวางท่อ,2
วิศกรไฟฟ้า (ส่งและจ่ายพลังงาน),2
นักกำหนดอาหาร,2
ช่างทองแดง,2
ผู้ตรวจวัดสายตา และผู้เตรียมเลนซ์ประกอบแว่นตา,2
สรั่งช่างกลเรือ,2
ช่างแต่งหน้าผู้แสดง(เวทีและโรงถ่ายภาพยนตร์),2
ขัดเงาโลหะ,2
พนักงานคุมเตาหลอมผลิตเหล็กกล้า,2
ผู้คุมเตาผลิตซีเมนต์,2
ช่างทำแบบหล่อโลหะด้วยมือ,2
ช่างทำแบบเทคอนกรีต,2
ช่างตัดหิน,2
ผู้จัดการบริการขายอาหารและที่พักอื่น ๆ,2
ช่างดัดไม้,2
ช่างเทคนิควิศวกรรมโยธาอื่น ๆ,2
สจ๊วต,2
หัวหน้าคนงานประจำฟาร์มเลี้ยงสุกร,2
ช่างทอ (พรม) ด้วยหูกมือ,2
ช่างชุบโลหะโดยการจุ่มด้วยมือ,2
พนักงาน/คนงานเหมืองแร่ทั่วไป,2
ผู้ควบเส้นด้ายด้วยเครื่องจักร,2
หัวหน้าหน่วยติดตั้ง,2
ผู้ควบคุมการขายปลีก; ผู้จัดการฝ่ายขายปลีก,2
พนักงานเหมืองแร่ และเหมืองหิน พนักงานขุดเจาะบ่อ,2
ช่างต่อเรือ (โลหะ),2
เสมียนพนักงานฝ่ายสินค้าและพัสดุ,2
เสมียนบันทึกสินค้าคงคลัง,2
ผู้ตรวจผืนผ้า,2
หญิงรับใช้ (งานส่วนบุคคล),2
พนักงานปรับแต่งเครื่องจักร,2
ช่างซ่อมจักรยานยนต์ และจักรยานที่ใช้เครื่องยนต์,2
ครูอนุบาล,2
เกษตรกร,2
ช่างยกตั้งนั่งร้าน (โลหะหรือไม้),2
ช่างซ่อมเครื่องจักรกลทำสิ่งทอ สิ่งถัก,2
สถาปนิก วิศวกร และนักวิชาการที่เกี่ยวข้องกัน,2
พนักงานขายโฆษณา,2
ผู้ทำไอสครีม(ในโรงงานอุตสาหกรรม),2
ผู้ปฏิบัติงานในกรรมวิธีทางเคมีและอื่น ๆ,2
ช่างเขียนแบบทั่วไป,2
ผู้ช่วยเจ้าหน้าที่ความปลอดภัย,2
ผู้ควบคุมงานไฟฟ้าและอิเลกทรอนิกส์,2
ผู้ช่วยช่างเครื่องจักรกลรถยนต์,2
พยาบาลเฉพาะทาง,2
วิศวกรเคมีอื่น ๆ,2
พนักงานเครื่องผสมคอนกรีต(ขนาดใหญ่),2
ครูอาจารย์,2
ช่างออกแบบโครงสร้าง,2
หัวหน้าแผนกแม่บ้าน,2
ช่างซ่อมจักร,2
พนักงานขับรถบรรทุกและรถตู้ขนาดใหญ่,2
ช่างทำผลิตภัณฑ์หนังอื่น ๆ,2
พนักงานเครื่องเจียระไน,2
ช่างปรับมอเตอร์และไดนะโม,2
ผู้จัดการค้าปลีก,2
ช่างทำผลิตภัณฑ์อโลหะ,2
เจาะและระเบิดหิน,2
ผู้จัดการสาขา,2
พนักงานให้สัญญานเครื่องยก,2
ช่างเจียระไนโลหะ ช่างขัดเงาโลหะ และช่างลับเครื่องมือ,2
พนักงานดูแลสระน้ำ,2
ช่างควบคุมอุปกรณ์(ดูเครื่องจักรในการผลิต ลงรหัสในสาขานั้น),2
นักร้อง,2
พนักงานควบคุมรถลาดยาง,2
ช่างแต่งผมสตรี,2
พนักงานต้อนรับและเสมียนตัวแทนการเดินทางอื่น ๆ,2
ผู้เชี่ยวชาญ(เชี่ยวชาญด้านใด ให้ลงสาขาอาชีพนั้น),2
ผู้ช่วยช่างไฟฟ้าแอร์คอนดิชั่น,2
ผู้รับคำปรึกษาระบบ,2
พนักงานเครื่องตัดและรีดพับ(กล่องกระดาษ),2
ผู้จัดการและผู้ควบคุมดูแลฟาร์ม(หมวดอาชีพ),2
เสมียนบัญชี,2
นักแสดง และผู้กำกับการแสดง,2
พนักงานปากระวาง ลูกเรือ และอื่น ๆ,2
ผู้ควบคุมการขายส่ง;ผู้จัดการฝ่ายขายส่ง,2
เจ้าหน้าที่เทคนิคเคมี,2
ช่างก่อหิน (ก่อสร้าง),2
ควบคุมปั้นจั่น,2
พนักงานคุมเตาหลอมและผสมโลหะที่มิใช่เหล็ก,2
มัคคุเทศก์,2
ช่างปูพื้น และช่างปูกระเบื้องอื่นๆ,2
ผู้ฆ่าสัตว์,2
วิศวกรการเกษตร,2
ช่างเชื่อมและตัดด้วยเปลวไฟ,2
ช่างย้อมผืนผ้าด้วยเครื่องจักร,2
ช่างขัดหิน,2
ช่างติดกระจกแผ่น,2
ประธานกรรมการ,2
เสมียนวางแผนการผลิต,2
ผู้ทำไม้,1
พนักงานอำนวยการบิน,1
หัวหน้างานด้านห้องปฏิบัติการ,1
ผู้กรีดน้ำมันยาง(ต้นยาง),1
หัวหน้าคนงานประจำคอกโคนม,1
พนักงานทำท่อประปา,1
ชาวนา,1
ผู้ทำความสะอาดหน้าต่าง,1
วิศกรเครื่องกล (ระบายอากาศและทำความเย็น),1
พนักงานขายส่ง,1
ช่างปรับไฟฟ้า (ยานยนต์),1
พนักงานเครื่องทำบัญชีและเครื่องคำนวณอื่น ๆ,1
ผลิตหมึกพิมพ์,1
พนักงานขับรถยนต์โดยสารประจำทาง,1
นักบิน ต้นหน และวิศวกรประจำอากาศยาน,1
ช่างตั้งและใช้เครื่องมือกล (งานโลหะ)ทั่วไป,1
พนักงานเครื่องแยกของเหลว,1
ผู้เลี้ยงปศุสัตว์,1
ช่างทำแผ่นพลาสติก,1
ช่างทอผ้าและผู้ปฏิบัติงานที่เกี่ยวข้องกันอื่น ๆ,1
ช่างวางสายไฟฟ้ากำลัง,1
ช่างซ่อมเครื่องยนต์เบา,1
ช่างขึ้นรูปแก้ว เครื่องดินเผา และอื่น ๆ,1
เสมียนวางแผนการผลิตและการใช้วัสดุ,1
ผู้สีโม่ธัญญพืช และผู้ปฏิบัติงานเกี่ยวข้องกัน,1
พนักงานหลอมและเผาโลหะ,1
ผู้ช่วยพนักงานห้องทดลอง,1
ช่างปั้น,1
ช่างฟอก ย้อมและตบแต่งผลิตภัณฑ์สิ่งทอ ถัก อื่น ๆ,1
ช่างเขียนแบบสถาปัตยกรรม,1
นักเคมีอื่น ๆ,1
ย้อมเส้นด้าย,1
ช่างปรับเครื่องจักร ช่างประกอบ ซ่อมเครื่องกล (ยกเว้นเครื่อง,1
ผู้เจาะบ่อ ผู้เจาะรูและผู้ปฏิบัติงานที่เกี่ยวข้องกัน,1
ช่างกัดเฟือง;ช่างตั้งและใช้เครื่องตัดเฟือง,1
นักวิทยาศาสตร์กายภาพอื่น ๆ,1
แม่พิมพ์พลาสติก,1
ผู้ทำยางรถและผู้ปะยางรถ ด้วยวิธีอบอื่น ๆ,1
ผู้ทำเครื่องหมายหรือป้ายพลาสติก,1
พนักงานห้องเครื่องเรืออื่น ๆ,1
ผู้ตรวจไฟฟ้า/อุปกรณ์ควบคุมการทำงานของครุภัณฑ์และเครื่องจักร,1
ช่างก่ออิฐ ก่อหิน และปูกระเบื้อง,1
ช่างดัดแผ่นเหล็กกล้า,1
ผลิตเตาทนความร้อน,1
ผลิตหนังเทียม,1
วิศวกรประจำหน่วยงาน,1
ตัวแทนขายผลิตภัณฑ์หัตถกรรม,1
ช่างเย็บติดป้าย,1
จนท.ควบคุมการขนส่ง และคมนาคมอื่น ๆ,1
ผู้ควบคุมประจำกะ,1
ช่างปรับไฟฟ้า และอิเล็กทรอนิกส์ที่เกี่ยวข้องกัน,1
ช่างไฟฟ้าอุตสาหกรรม,1
ช่างเขียนแบบเครื่องกล,1
ช่างเพชรพลอยและประดิษฐ์โลหะมีค่า,1
พ.ประกอบอุปกรณ์ชิ้นส่วนนาฬิกา,1
เจ้าพนักงานสำรวจนับแจงไม้,1
ผู้คุมเตาอบสีให้แห้ง,1
พนักงานเครื่องขัดและขัดเงา,1
วิศวกรเหมืองแร่อื่น ๆ,1
นักสำรวจภาคพื้นดิน,1
นักแต่งเพลง นักดนตรี นักขับร้องเพลงและนักแสดงอื่น ๆ,1
นักเขียนประกาศโฆษณา,1
ช่างกลึงไม้,1
วิศวกรไฟฟ้าและอิเลกทรอนิกส์,1
พนักงานอบชุบโลหะ,1
โฟร์แมนโรงงาน,1
ผู้ปฏิบัติงานทางศาสนา,1
ช่างโลหะแผ่นอื่น ๆ,1
สารวัดรับส่งสินค้า,1
พ่อครัวชั้นสอง,1
ช่างทำรองเท้าทั่วไป,1
วิศวกรเคมีทั่วไป,1
หัวหน้าหน่วยประกอบแผ่นอลูมิเนียม,1
ช่างฉาบปูน,1
วิศวกรระบบเครือข่าย,1
ผู้ช่วยพนักงานฝึกหัดทำอาหาร,1
กรรมการดำเนินการ,1
ผู้ทำใบชา กาแฟ และโกโก้อื่น ๆ,1
นักแสดงและผู้กำกับการแสดงอื่นๆ,1
วิศวกรเครื่องจักรและเครื่องมือ,1
ช่างถ่ายภาพบุคคล,1
ช่างหล่อซีเมนต์คอนกรีต ด้วยเครื่องจักร,1
ช่างทำเครื่องดนตรี (เครื่องสาย),1
ผู้ทำงานในสถานเพาะชำ และผู้ทำสวน,1
ช่างวางสายไฟและต่อสายเคเบิล,1
ผู้ฆ่าสัตว์ ตกแต่ง และตัดเนื้อสัตว์ทั่วไป,1
นักโลหกรรม; นักโลหะวิทยา(การผลิต),1
ผู้บริหารระบบ'ควบคุมระบบ,1
นักเทคโนโลยี่การแพทย์,1
พนักงานทำความสะอาดเครื่องครัว,1
พนักงานวางแผนไฟฟ้า,1
พนักงานบัญชี และพนักงานรับ-จ่ายเงิน,1
ผู้ควบคุมการจัดหาภายนอก,1
พนักงานควบคุมการผลิตอาวุโส,1
ผลิตไม้อัด,1
นักการ คนเดินหนังสือ,1
ช่างเทคนิคเหมืองแร่,1
ผู้ติดตั้งเครื่องยกและฟั่นต่อ สายเคเบิลอื่น ๆ,1
ผู้จัดการและผู้ควบคุมดูแลบริการขายอาหารและที่พักอาศัย(หมวดอาชีพ),1
เจ้าหน้าที่ควบคุมเครื่องมือสำรวจหาปลา,1
พนักงานขับรถราง,1
ช่างซ่อมเครื่องมือและเครื่องวัด,1
พนักงานควบคุมเครื่องรีดโลหะ,1
ช่างเคาะ (ชั้น 1),1
ผู้จัดการฝ่ายต่างประเทศ,1
นักวิชาการสถิติและคณิตศาสตร์อื่น ๆ,1
ผู้ดูแลรักษาสนามหญ้า,1
เจ้าหน้าที่เทคนิควิทยาศาสตร์กายภาพอื่น ๆ,1
ภุมิสถาปนิก,1
ผู้จัดนำเที่ยวและมัคคุเทศก์,1
ประติมากร จิตรกร และศิลปินเชิงประดิษฐ์ที่เกี่ยวข้องกันอื่น ๆ,1
หัวหน้าพนักงานให้สัญญาน,1
เจ้าหน้าที่สินเชื่อ,1
ช่างแท่นพิมพ์แบบนอน,1
พนักงานเครื่องกรองและเครื่องแยกอื่น ๆ,1
ช่างประจำปั่นจั่นเจาะ(บ่อน้ำมันและก๊าซ),1
ช่างเทคนิควิศวกรรมเคมีอื่น ๆ,1
ช่างศิลป์,1
ช่างทำเบาะกับที่นอน และผู้ปฏิบัติงานที่เกี่ยวข้องกัน อื่น ๆ,1
ผู้เจาะบ่อ เจาะหลุม และปฏิบัติงานที่เกี่ยวข้อง,1
พนักงานเครื่องอัดรีด ดินเหนียว,1
นายช่างใหญ่ทางวิศวกรรมเรือ,1
พนักงานเครื่องทำน้ำให้บริสุทธิ์,1
นายท้ายเรือยนต์,1
ผู้จัดการและผู้ควบคุมดูแลโรงแรมและภัตตาคาร,1
ผู้จัดการและผู้ควบคุมดูแลภัตตาคาร,1
โฟร์แมนช่างซ่อมแอร์คอนดิชั่น,1
ผลิตกล่องใส่เครื่องประดับเพชรพลอย,1
พนักงานคุมเตาหลอมแบบมีเบ้าหลอม,1
ผู้ประสานงานด้านการท่องเที่ยว; ผู้จัดนำเที่ยว,1
ช่างย้อมเส้นด้ายด้วยเครื่องจักร,1
ผู้ทำงานกสิกรรม และผู้เลี้ยงสัตว์ซึ่งมิได้จัดไว้ที่อื่น,1
นักศึกษาฝึกงาน(ฝึกงานด้านใด ลงสาขาอาชีพนั้น),1
วิศวกรสุขาภิบาล,1
ผู้ฝึกซ้อมการบริหารร่างกาย,1
ผู้ปฏิบัติงานวิชาชีพ และวิชาการอื่น ๆ,1
หัวหน้าคนงานพืชไร่และผัก,1
เภสัชกร,1
วิศวกรประจำเรือ,1
ชาวประมง พรานและผู้ปฏิบัติงาน ที่เกี่ยวข้อง,1
พนักงานบัญชี พนักงานรับ-จ่ายเงิน ฯ,1
พนักงานจดรายงาน,1
ครูประถมศึกษา,1
พนักงานขับรถจักรและช่างไฟ,1
ช่างตัดเครื่องแต่งกาย (หนัง),1
ช่างทำหมวกอื่น ๆ,1
ช่างมุงหลังคา (กระเบื้องและวัสดุที่คล้ายคลึงกัน),1
ผู้จัดการฝ่ายซื้อและจ่ายวัสดุ;ผู้จัดการฝ่ายวัสดุ;ผู้จัดการฝ่,1
ช่างชุบและเคลือบโลหะ,1
ผู้ตรวจข่าว,1
ช่างเขียนแบบ,1
ผู้จัดการค้าส่ง,1
ช่างก่อคอนกรีตเสริม ช่างตกแต่งผิวซีเมนต์ ช่างทำหินขัด อื่น ๆ,1
พนักงานต้อนรับภาคพื้นดิน,1
ผู้จัดการฝ่ายขนส่ง,1
ผู้ทำไส้กรอกด้วยเครื่องจักร,1
คนครัว (งานส่วนบุคคล),1
ช่างเย็บด้วยมือและจักรทั่วไป,1
หัวหน้าหน่วยซักอบรีด,1
ช่างทำเครื่องประดับ ด้วยหอยทะเลและเขาสัตว์,1
ผู้ควบคุมดูแลด้านอาหารและการใช้จ่าย,1
รองหัวหน้างานก่อสร้าง,1
พนักงานประจำสถานีบริการน้ำมัน,1
ผลิตคอนกรีต,1
ช่างทำแบบไม้,1
ผู้ชักชวนซื้อสินค้า,1
ผู้ปฏิบัติงานที่เกี่ยวกับการผลิต พนักงานใช้อุปกรณ์ขนส่ง(หมวดอาชีพ),1
ช่างไม้ ทำเครื่องไม้ และปูพื้นไม้พาร์เก้,1
พนักงานคุมเครื่องทำลวดหนาม,1
ผู้บังคับการเรือ และนายเรือเดินทะเล,1
วิศวกรอุตสาหการอื่น ๆ,1
ช่างซ่อมแก้บำรุงรักษาเครื่องทำความเย็น,1
ประติมากร จิตรกร ช่างภาพ และศิลปินเชิงประดิษฐ์ที่เกี่ยวกัน,1
นักคณิตศาสตร์สถิติ,1
ช่างฉาบพื้นกระจกเงา,1
ช่างภาพและช่างภาพประจำกล้อง,1
พนักงานยกกระเป๋า,1
หัวหน้าหน่วยประกอบและติดตั้ง,1
ผลิตภัณฑ์เครื่องตกแต่งบ้าน,1
ชาวประมงน้ำจืด,1
พนักงานควบคุมการคำนวณวัสดุ,1
พนักงานควบคุมการเดินรถไฟ,1
ผลิตหนังสือ,1
พนักงานขับขี่ยานยนต์,1
พนักงานบริการประจำบุฟเฟ่ต์,1
บรรณาธิการผู้ช่วย,1
ช่างทำขนมจากข้าวและถั่ว,1
ช่างอัด อิฐและกระเบื้อง ด้วยเครื่องจักร,1
ช่างเทคนิควิศวกรรมเครื่องกลอื่น ๆ,1
ช่างแท่นพิมพ์,1
ผู้ทำเบียร์ เหล้าไวน์ และเครื่องดื่มอื่น ๆ,1
พนักงานขับรถจักร (ไอน้ำ),1
ช่างหล่อซีเมนต์คอนกรีตด้วยมือ,1
ช่างเทคนิคควบคุมประสิทธิภาพ,1
พนักงานวิทยุสื่อสาร,1
หัวหน้าควบคุมเครื่องมือหนัก,1
ผู้นำเสนอสินค้าตัวอย่าง,1
ช่างปั่น ทอ ถัก ย้อมและผู้ปฏิบัติงานเกี่ยวข้องอื่น ๆ,1
พนักงานเครื่องอัดผ้าเบรค ด้วยความร้อนแบบอัตโนมัติ,1
พนักงานขาย พนักงานขายหน้าร้าน และผู้นำเสนอสินค้าตัวอย่าง,1
ช่างผู้ชำนาญด้านตัดแต่งแผ่นโลหะ,1
ช่างซ่อมเครื่องยนต์ที่สันดาปภายใน,1
ช่างทำกล่องกระดาษด้วยมือ,1
ช่างตัดและแต่งผมชาย,1
ช่างจัดเกรดดิน,1
ช่างประกอบเครื่องมือที่มีความเที่ยงตรง,1
ช่างเทคนิคห้องทดลอง,1
ช่างต่อสายเคเบิลไฟฟ้า,1
วิศวกรไฟฟ้า (อุปกรณ์),1
พนักงาน อาบ อบ นวด,1
ช่างปั่น ทอ ถัก ย้อมและผู้ปฏิบัติงานเกี่ยวข้องกัน,1
ช่างแกะสลักไม้,1
พนักงานบรรจุหีบห่อปลาป่น,1
ช่างติดตั้ง/ซ่อมอุปกรณ์แพทย์,1
พนักงานเก็บค่าโดยสาร(รถโดยสารประจำทางหรือรถราง),1
ผู้ชำนาญการด้านงานบุคคลและอาชีพ,1
ช่างแกะสลักเชิงประดิษฐ์,1
พนักงานเครื่องซักแห้ง,1
ผู้ดึงยืดและรวมเส้นใย,1
คนทำไม้,1
ผู้ทำอาหารให้แห้ง,1
ช่างเชื่อมด้วยเครื่องไฟฟ้า (แบบต้านทาน),1
พนักงานเครื่องรีดโลหะ,1
พนักงานปั่นจั่น,1
บดหิน' ย่อยหิน,1
ช่างพันคอยล์ด้วยเครื่องจักร,1
หัวหน้าคนงานประจำคอกปศุสัตว์,1
ช่างตัดเครื่องแต่งกายสำเร็จรูป(ยกเว้นหนัง),1
วิศวกรเครื่องกลอื่น ๆ,1
อุตสาหกรรมการผลิตอาหารสัตว์,1
หัวหน้าช่างเหล็กประกอบช่างไม้,1
วิศวกรเครื่องกล (เรือ),1
พนักงานเครื่องอัดรีดเสื้อผ้าเครื่องใช้,1
พนักงานคุมเตาถลุงโลหะอื่น ๆ,1
ครูสอนในสถาบันการศึกษาพิเศษอื่น ๆ,1
นักนิรุกติศาสตร์ พนักงานแปลและล่าม,1
นักสำรวจทางเหมืองแร่,1
เกษตรกรชำนาญงานเฉพาะสาขา,1
นักผสมเทียม; จนท.ผสมเทียม,1
วิศวกรเครื่องกล (รถยนต์),1
อุตสาหกรรมการชุบ,1
พนักงานทำความสะอาดครัว,1
ตัวแทนนายหน้าซื้อขายอสังหาริมทรัพย์,1
ผู้นำร่อง; เจ้าพนักงานนำร่อง,1
ช่างปรับเครื่องจักร และประกอบเครื่องกล,1
พนักงานเครื่องสาง หวี และรีดเส้นใย,1
ช่างเชื่อมด้วยไฟฟ้า (มือ),1
ช่างใช้เครื่องจักรทำงานไม้อื่น ๆ,1
ผู้ช่วยช่างไฟฟ้าอิเลคโทรนิค,1
หัวหน้าคนงานประจำสวนองุ่น,1
ช่างทำเทียนไข,1
ช่างไฟประจำเรือ (น้ำมัน),1
จิตรกรเชิงประดิษฐ์,1
พนักงานบัญชี พนักงานรับ-จ่ายเงิน และผู้ปฏิบัติงานที่เกี่ยวข้,1
ช่างแกะแม่พิมพ์,1
ช่างพ่นทราย,1
วิศกรประจำเรืออื่น ๆ,1
ช่างแบบโลหะ,1
ช่างเข้าหน้าการพิมพ์,1
ช่างซ่อมเครื่องจักรกล(ยกเว้นยานยนต์และอากาศยาน),1
ช่างไม้ต่อเรือใหญ่,1
พนักงานเครื่องสูบ,1
พนักงานเครื่องบรรจุของ,1
ผลิตถุงกระดาษ,1
ช่างเจียระไนแก้ว,1
วิศวกรเครื่องกล,1
ผู้เตรียมดินด้วยเครื่องจักร,1
พนักงานทำความสะอาดห้องอาหาร,1
พนักงานทำความสะอาดเครื่องครัวลูกเรือ,1
พนักงานรับ-จ่ายเงิน (ธนาคาร),1
ช่างซ่อมเครื่องใช้ไฟฟ้าในบ้าน,1
ผู้จัดการฝ่ายค้นคว้าและวิจัย,1
ผู้ควบคุมการขาย,1
