destination_country,travel_method,worker_count
กาตาร์,เดินทางด้วยตนเอง,648
กาตาร์,RE-ENTRY,181
กาตาร์,VISA RE-ENTRY,37
ไอร์แลนด์,เดินทางด้วยตนเอง,302
ไอร์แลนด์,RE-ENTRY,255
ไอร์แลนด์,VISA RE-ENTRY,122
ไอร์แลนด์,บริษัทจัดส่ง,20
ไอร์แลนด์,กรมจัดส่ง,4
ไอร์แลนด์,นายจ้างพาลูกจ้างไปทำงานในต่างประเทศ,3
โปแลนด์,เดินทางด้วยตนเอง,302
โปแลนด์,RE-ENTRY,255
โปแลนด์,VISA RE-ENTRY,122
โปแลนด์,บริษัทจัดส่ง,20
โปแลนด์,กรมจัดส่ง,4
โปแลนด์,นายจ้างพาลูกจ้างไปทำงานในต่างประเทศ,3
บาห์เรน,เดินทางด้วยตนเอง,278
บาห์เรน,VISA RE-ENTRY,177
บาห์เรน,RE-ENTRY,128
บาห์เรน,บริษัทจัดส่ง,111
เช็ก,RE-ENTRY,236
เช็ก,VISA RE-ENTRY,232
เช็ก,เดินทางด้วยตนเอง,128
เช็ก,นายจ้างพาลูกจ้างไปทำงานในต่างประเทศ,14
เช็ก,เดินทางด้วยตนเอง,278
เช็ก,VISA RE-ENTRY,177
เช็ก,RE-ENTRY,128
เช็ก,บริษัทจัดส่ง,111
อินโดนีเซีย,RE-ENTRY,236
อินโดนีเซีย,VISA RE-ENTRY,232
อินโดนีเซีย,เดินทางด้วยตนเอง,128
อินโดนีเซีย,นายจ้างพาลูกจ้างไปทำงานในต่างประเทศ,14
อินโดนีเซีย,VISA RE-ENTRY,205
อินโดนีเซีย,RE-ENTRY,197
อินโดนีเซีย,เดินทางด้วยตนเอง,187
อินโดนีเซีย,นายจ้างพาลูกจ้างไปทำงานในต่างประเทศ,2
ซาอุดีอาระเบีย,RE-ENTRY,191
ซาอุดีอาระเบีย,VISA RE-ENTRY,158
ซาอุดีอาระเบีย,เดินทางด้วยตนเอง,89
ซาอุดีอาระเบีย,นายจ้างพาลูกจ้างไปทำงานในต่างประเทศ,22
ซาอุดีอาระเบีย,นายจ้างส่งลูกจ้างไปฝึกงานในต่างประเทศ,1
สวิตเซอร์แลนด์,บริษัทจัดส่ง,234
สวิตเซอร์แลนด์,RE-ENTRY,132
สวิตเซอร์แลนด์,VISA RE-ENTRY,77
สวิตเซอร์แลนด์,เดินทางด้วยตนเอง,6
สวิตเซอร์แลนด์,นายจ้างพาลูกจ้างไปทำงานในต่างประเทศ,2
มาเก๊า,บริษัทจัดส่ง,234
มาเก๊า,RE-ENTRY,132
มาเก๊า,VISA RE-ENTRY,77
มาเก๊า,เดินทางด้วยตนเอง,6
มาเก๊า,นายจ้างพาลูกจ้างไปทำงานในต่างประเทศ,2
อินเดีย,บริษัทจัดส่ง,286
อินเดีย,เดินทางด้วยตนเอง,24
อินเดีย,RE-ENTRY,11
อินเดีย,VISA RE-ENTRY,6
เยอรมนี,RE-ENTRY,164
เยอรมนี,VISA RE-ENTRY,58
เยอรมนี,เดินทางด้วยตนเอง,55
เยอรมนี,นายจ้างพาลูกจ้างไปทำงานในต่างประเทศ,19
เยอรมนี,บริษัทจัดหางานคนประจำเรือ,4
คาซัคสถาน,RE-ENTRY,136
คาซัคสถาน,เดินทางด้วยตนเอง,64
คาซัคสถาน,VISA RE-ENTRY,1
คาซัคสถาน,เดินทางด้วยตนเอง,132
คาซัคสถาน,RE-ENTRY,70
คาซัคสถาน,VISA RE-ENTRY,24
คาซัคสถาน,บริษัทจัดส่ง,2
คาซัคสถาน,นายจ้างพาลูกจ้างไปทำงานในต่างประเทศ,1
ฟิลิปปินส์,RE-ENTRY,77
ฟิลิปปินส์,เดินทางด้วยตนเอง,62
ฟิลิปปินส์,VISA RE-ENTRY,45
ไซปรัส,เดินทางด้วยตนเอง,173
ไซปรัส,กรมจัดส่ง,112
ไซปรัส,RE-ENTRY,44
ไซปรัส,VISA RE-ENTRY,29
ไซปรัส,บริษัทจัดส่ง,3
เวียดนาม,เดินทางด้วยตนเอง,87
เวียดนาม,VISA RE-ENTRY,46
เวียดนาม,RE-ENTRY,29
เวียดนาม,RE-ENTRY,136
เวียดนาม,เดินทางด้วยตนเอง,64
เวียดนาม,VISA RE-ENTRY,1
โครเอเชีย,RE-ENTRY,90
โครเอเชีย,บริษัทจัดส่ง,42
โครเอเชีย,นายจ้างพาลูกจ้างไปทำงานในต่างประเทศ,12
โครเอเชีย,เดินทางด้วยตนเอง,2
โครเอเชีย,VISA RE-ENTRY,2
นอร์เวย์,เดินทางด้วยตนเอง,111
นอร์เวย์,RE-ENTRY,21
นอร์เวย์,VISA RE-ENTRY,15
ตุรกี,เดินทางด้วยตนเอง,118
ตุรกี,บริษัทจัดหางานคนประจำเรือ,10
ตุรกี,VISA RE-ENTRY,9
ตุรกี,RE-ENTRY,6
ตุรกี,นายจ้างพาลูกจ้างไปทำงานในต่างประเทศ,1
ตุรกี,บริษัทจัดส่ง,1
สเปน,เดินทางด้วยตนเอง,111
สเปน,RE-ENTRY,21
สเปน,VISA RE-ENTRY,15
สเปน,เดินทางด้วยตนเอง,74
สเปน,RE-ENTRY,36
สเปน,VISA RE-ENTRY,26
เนเธอร์แลนด์,เดินทางด้วยตนเอง,74
เนเธอร์แลนด์,RE-ENTRY,36
เนเธอร์แลนด์,VISA RE-ENTRY,26
เนเธอร์แลนด์,VISA RE-ENTRY,56
เนเธอร์แลนด์,เดินทางด้วยตนเอง,40
เนเธอร์แลนด์,RE-ENTRY,38
โอมาน,บริษัทจัดส่ง,96
โอมาน,RE-ENTRY,15
โอมาน,เดินทางด้วยตนเอง,8
โอมาน,VISA RE-ENTRY,7
โอมาน,นายจ้างพาลูกจ้างไปทำงานในต่างประเทศ,1
โอมาน,RE-ENTRY,57
โอมาน,VISA RE-ENTRY,35
โอมาน,เดินทางด้วยตนเอง,30
เดนมาร์ก,RE-ENTRY,67
เดนมาร์ก,นายจ้างพาลูกจ้างไปทำงานในต่างประเทศ,48
เดนมาร์ก,VISA RE-ENTRY,5
จอร์แดน,RE-ENTRY,44
จอร์แดน,นายจ้างส่งลูกจ้างไปฝึกงานในต่างประเทศ,27
จอร์แดน,VISA RE-ENTRY,18
จอร์แดน,เดินทางด้วยตนเอง,11
จอร์แดน,นายจ้างพาลูกจ้างไปทำงานในต่างประเทศ,7
เมียนมา,บริษัทจัดส่ง,77
เมียนมา,VISA RE-ENTRY,20
เมียนมา,RE-ENTRY,6
เมียนมา,เดินทางด้วยตนเอง,2
ฝรั่งเศส,RE-ENTRY,29
ฝรั่งเศส,นายจ้างส่งลูกจ้างไปฝึกงานในต่างประเทศ,21
ฝรั่งเศส,เดินทางด้วยตนเอง,15
ฝรั่งเศส,VISA RE-ENTRY,12
ฝรั่งเศส,นายจ้างพาลูกจ้างไปทำงานในต่างประเทศ,6
ฝรั่งเศส,บริษัทจัดหางานคนประจำเรือ,1
ฝรั่งเศส,เดินทางด้วยตนเอง,69
ฝรั่งเศส,RE-ENTRY,14
มอลตา,เดินทางด้วยตนเอง,69
มอลตา,RE-ENTRY,14
มอลตา,RE-ENTRY,29
มอลตา,นายจ้างส่งลูกจ้างไปฝึกงานในต่างประเทศ,21
มอลตา,เดินทางด้วยตนเอง,15
มอลตา,VISA RE-ENTRY,12
มอลตา,นายจ้างพาลูกจ้างไปทำงานในต่างประเทศ,6
มอลตา,บริษัทจัดหางานคนประจำเรือ,1
ยูเครน,เดินทางด้วยตนเอง,30
ยูเครน,RE-ENTRY,29
ยูเครน,VISA RE-ENTRY,20
อุซเบกิสถาน,เดินทางด้วยตนเอง,56
อุซเบกิสถาน,RE-ENTRY,16
อุซเบกิสถาน,VISA RE-ENTRY,4
สโลวีเนีย,เดินทางด้วยตนเอง,56
สโลวีเนีย,RE-ENTRY,16
สโลวีเนีย,VISA RE-ENTRY,4
สโลวีเนีย,VISA RE-ENTRY,45
สโลวีเนีย,RE-ENTRY,25
สโลวีเนีย,เดินทางด้วยตนเอง,4
สโลวีเนีย,นายจ้างส่งลูกจ้างไปฝึกงานในต่างประเทศ,1
มัลดีฟส์,เดินทางด้วยตนเอง,41
มัลดีฟส์,RE-ENTRY,18
มัลดีฟส์,VISA RE-ENTRY,11
กัมพูชา,RE-ENTRY,24
กัมพูชา,เดินทางด้วยตนเอง,21
กัมพูชา,VISA RE-ENTRY,21
สโลวาเกีย,VISA RE-ENTRY,36
สโลวาเกีย,RE-ENTRY,21
โมร็อกโก,RE-ENTRY,24
โมร็อกโก,เดินทางด้วยตนเอง,20
โมร็อกโก,VISA RE-ENTRY,13
สหราชอาณาจักร,RE-ENTRY,19
สหราชอาณาจักร,VISA RE-ENTRY,17
สหราชอาณาจักร,เดินทางด้วยตนเอง,16
เซอร์เบีย,RE-ENTRY,28
เซอร์เบีย,บริษัทจัดส่ง,15
เซอร์เบีย,VISA RE-ENTRY,3
กรีนแลนด์,เดินทางด้วยตนเอง,33
กรีนแลนด์,VISA RE-ENTRY,7
กรีนแลนด์,RE-ENTRY,4
ปาปัวนิวกินี,VISA RE-ENTRY,16
ปาปัวนิวกินี,RE-ENTRY,14
ปาปัวนิวกินี,เดินทางด้วยตนเอง,11
ไนจีเรีย,RE-ENTRY,18
ไนจีเรีย,นายจ้างพาลูกจ้างไปทำงานในต่างประเทศ,10
ไนจีเรีย,เดินทางด้วยตนเอง,8
ไนจีเรีย,VISA RE-ENTRY,5
อียิปต์,เดินทางด้วยตนเอง,15
อียิปต์,RE-ENTRY,14
อียิปต์,VISA RE-ENTRY,11
อียิปต์,นายจ้างพาลูกจ้างไปทำงานในต่างประเทศ,1
เบอร์มิวดา,RE-ENTRY,18
เบอร์มิวดา,นายจ้างพาลูกจ้างไปทำงานในต่างประเทศ,10
เบอร์มิวดา,เดินทางด้วยตนเอง,8
เบอร์มิวดา,VISA RE-ENTRY,5
เบอร์มิวดา,RE-ENTRY,20
เบอร์มิวดา,เดินทางด้วยตนเอง,11
เบอร์มิวดา,VISA RE-ENTRY,9
หมู่เกาะนอร์เทิร์นมาเรียนา,VISA RE-ENTRY,14
หมู่เกาะนอร์เทิร์นมาเรียนา,เดินทางด้วยตนเอง,10
หมู่เกาะนอร์เทิร์นมาเรียนา,RE-ENTRY,10
หมู่เกาะนอร์เทิร์นมาเรียนา,บริษัทจัดหางานคนประจำเรือ,4
ลัตเวีย,เดินทางด้วยตนเอง,28
ลัตเวีย,RE-ENTRY,6
ลัตเวีย,VISA RE-ENTRY,2
บัลแกเรีย,เดินทางด้วยตนเอง,22
บัลแกเรีย,VISA RE-ENTRY,8
บัลแกเรีย,RE-ENTRY,2
เลบานอน,เดินทางด้วยตนเอง,22
เลบานอน,RE-ENTRY,5
เลบานอน,VISA RE-ENTRY,1
เลบานอน,VISA RE-ENTRY,8
เลบานอน,RE-ENTRY,2
โคลอมเบีย,RE-ENTRY,13
โคลอมเบีย,VISA RE-ENTRY,8
โคลอมเบีย,เดินทางด้วยตนเอง,6
ออสเตรเลีย,เดินทางด้วยตนเอง,18
ออสเตรเลีย,RE-ENTRY,5
ออสเตรเลีย,VISA RE-ENTRY,3
เซเชลส์,RE-ENTRY,10
เซเชลส์,VISA RE-ENTRY,7
เซเชลส์,นายจ้างพาลูกจ้างไปทำงานในต่างประเทศ,5
เซเชลส์,บริษัทจัดหางานคนประจำเรือ,3
เซเชลส์,เดินทางด้วยตนเอง,1
หมู่เกาะเคย์แมน,RE-ENTRY,13
หมู่เกาะเคย์แมน,เดินทางด้วยตนเอง,8
หมู่เกาะเคย์แมน,VISA RE-ENTRY,4
ศรีลังกา,VISA RE-ENTRY,14
ศรีลังกา,RE-ENTRY,8
ศรีลังกา,เดินทางด้วยตนเอง,2
โรมาเนีย,RE-ENTRY,13
โรมาเนีย,เดินทางด้วยตนเอง,8
โรมาเนีย,VISA RE-ENTRY,4
โรมาเนีย,เดินทางด้วยตนเอง,13
โรมาเนีย,RE-ENTRY,7
โรมาเนีย,VISA RE-ENTRY,1
เอสวาตินี,VISA RE-ENTRY,12
เอสวาตินี,RE-ENTRY,7
เอสวาตินี,เดินทางด้วยตนเอง,13
เอสวาตินี,VISA RE-ENTRY,1
เอสวาตินี,เดินทางด้วยตนเอง,16
เอสวาตินี,VISA RE-ENTRY,4
เอสวาตินี,RE-ENTRY,1
โมนาโก,เดินทางด้วยตนเอง,16
โมนาโก,VISA RE-ENTRY,4
โมนาโก,RE-ENTRY,1
โมนาโก,บริษัทจัดส่ง,18
หมู่เกาะเติกส์และเคคอส,RE-ENTRY,11
หมู่เกาะเติกส์และเคคอส,VISA RE-ENTRY,5
เคนยา,RE-ENTRY,12
เคนยา,VISA RE-ENTRY,4
กานา,RE-ENTRY,12
กานา,VISA RE-ENTRY,4
ภูฏาน,VISA RE-ENTRY,6
ภูฏาน,RE-ENTRY,5
ภูฏาน,เดินทางด้วยตนเอง,2
ภูฏาน,นายจ้างส่งลูกจ้างไปฝึกงานในต่างประเทศ,1
เม็กซิโก,RE-ENTRY,7
เม็กซิโก,เดินทางด้วยตนเอง,3
เม็กซิโก,VISA RE-ENTRY,2
เบลารุส,RE-ENTRY,7
เบลารุส,VISA RE-ENTRY,3
เบลารุส,เดินทางด้วยตนเอง,2
ซูดาน,เดินทางด้วยตนเอง,9
ซูดาน,RE-ENTRY,1
ซูดาน,VISA RE-ENTRY,1
ซูดาน,RE-ENTRY,8
ซูดาน,VISA RE-ENTRY,3
ซูดาน,เดินทางด้วยตนเอง,3
อาเซอร์ไบจาน,RE-ENTRY,5
อาเซอร์ไบจาน,VISA RE-ENTRY,3
อาเซอร์ไบจาน,นายจ้างพาลูกจ้างไปทำงานในต่างประเทศ,1
อาเซอร์ไบจาน,RE-ENTRY,7
อาเซอร์ไบจาน,VISA RE-ENTRY,4
อาเซอร์ไบจาน,บริษัทจัดส่ง,2
บาฮามาส,RE-ENTRY,5
บาฮามาส,VISA RE-ENTRY,3
บาฮามาส,เดินทางด้วยตนเอง,1
ตรินิแดดและโตเบโก,เดินทางด้วยตนเอง,9
ตรินิแดดและโตเบโก,RE-ENTRY,1
ตรินิแดดและโตเบโก,VISA RE-ENTRY,1
ตรินิแดดและโตเบโก,RE-ENTRY,7
ตรินิแดดและโตเบโก,VISA RE-ENTRY,4
ตรินิแดดและโตเบโก,บริษัทจัดส่ง,2
มอลโดวา,เดินทางด้วยตนเอง,5
มอลโดวา,VISA RE-ENTRY,4
เปรู,เดินทางด้วยตนเอง,7
เปรู,RE-ENTRY,1
แองโกลา,เดินทางด้วยตนเอง,5
แองโกลา,RE-ENTRY,3
ลิเบีย,RE-ENTRY,3
ลิเบีย,เดินทางด้วยตนเอง,2
ลิเบีย,VISA RE-ENTRY,1
ลิเบีย,นายจ้างพาลูกจ้างไปทำงานในต่างประเทศ,1
ปารากวัย,VISA RE-ENTRY,5
ปารากวัย,RE-ENTRY,2
หมู่เกาะมาร์แชลล์,VISA RE-ENTRY,5
หมู่เกาะมาร์แชลล์,RE-ENTRY,2
แทนซาเนีย,VISA RE-ENTRY,5
แทนซาเนีย,เดินทางด้วยตนเอง,1
เซอร์เบียและมอนเตเนโกร,VISA RE-ENTRY,3
เซอร์เบียและมอนเตเนโกร,RE-ENTRY,2
เซอร์เบียและมอนเตเนโกร,RE-ENTRY,4
เซอร์เบียและมอนเตเนโกร,เดินทางด้วยตนเอง,1
คอซอวอ,RE-ENTRY,2
คอซอวอ,VISA RE-ENTRY,1
คอซอวอ,เดินทางด้วยตนเอง,1
อิรัก,VISA RE-ENTRY,3
อิรัก,RE-ENTRY,1
ดีอาร์คองโก,RE-ENTRY,3
ดีอาร์คองโก,VISA RE-ENTRY,1
แอลเบเนีย,RE-ENTRY,3
แอลเบเนีย,VISA RE-ENTRY,1
สกอตแลนด์,RE-ENTRY,3
สกอตแลนด์,VISA RE-ENTRY,1
สกอตแลนด์,เดินทางด้วยตนเอง,1
ปากีสถาน,RE-ENTRY,2
ปากีสถาน,VISA RE-ENTRY,2
เกาหลีเหนือ,RE-ENTRY,4
เกาหลีเหนือ,RE-ENTRY,2
เกาหลีเหนือ,VISA RE-ENTRY,2
มาซิโดเนียเหนือ,VISA RE-ENTRY,2
มาซิโดเนียเหนือ,RE-ENTRY,1
ลิทัวเนีย,VISA RE-ENTRY,2
ลิทัวเนีย,RE-ENTRY,1
มองโกเลีย,เดินทางด้วยตนเอง,2
มองโกเลีย,RE-ENTRY,1
มอริเชียส,เดินทางด้วยตนเอง,2
ไอล์ออฟแมน,VISA RE-ENTRY,1
ไอล์ออฟแมน,RE-ENTRY,1
เอลซัลวาดอร์,เดินทางด้วยตนเอง,2
รวันดา,RE-ENTRY,2
ฟิจิ,RE-ENTRY,2
จิบูติ,เดินทางด้วยตนเอง,2
หมู่เกาะเวอร์จินของสหรัฐฯ,RE-ENTRY,1
หมู่เกาะเวอร์จินของสหรัฐฯ,VISA RE-ENTRY,1
นิวแคลิโดเนีย,เดินทางด้วยตนเอง,1
ตองกา,RE-ENTRY,1
ตองกา,VISA RE-ENTRY,1
ตองกา,เดินทางด้วยตนเอง,1
โดมินิกัน,เดินทางด้วยตนเอง,1
ยูกันดา,เดินทางด้วยตนเอง,1
ยูกันดา,VISA RE-ENTRY,1
สวีเดน,เดินทางด้วยตนเอง,1299
สวีเดน,กรมจัดส่ง,827
สวีเดน,RE-ENTRY,776
สวีเดน,VISA RE-ENTRY,655
สวีเดน,บริษัทจัดส่ง,53
สวีเดน,นายจ้างพาลูกจ้างไปทำงานในต่างประเทศ,3
สวีเดน,บริษัทจัดส่ง,2108
สวีเดน,VISA RE-ENTRY,823
สวีเดน,RE-ENTRY,297
สวีเดน,เดินทางด้วยตนเอง,110
สวีเดน,เดินทางด้วยตนเอง,2698
สวีเดน,นายจ้างพาลูกจ้างไปทำงานในต่างประเทศ,247
สวีเดน,RE-ENTRY,17
สวีเดน,VISA RE-ENTRY,14
ฟินแลนด์,เดินทางด้วยตนเอง,1678
ฟินแลนด์,VISA RE-ENTRY,838
ฟินแลนด์,RE-ENTRY,206
ฟินแลนด์,กรมจัดส่ง,38
ฟินแลนด์,บริษัทจัดหางานคนประจำเรือ,32
ฟินแลนด์,นายจ้างพาลูกจ้างไปทำงานในต่างประเทศ,9
ฟินแลนด์,บริษัทจัดส่ง,1
ฟินแลนด์,เดินทางด้วยตนเอง,2698
ฟินแลนด์,นายจ้างพาลูกจ้างไปทำงานในต่างประเทศ,247
ฟินแลนด์,RE-ENTRY,17
ฟินแลนด์,VISA RE-ENTRY,14
ยูเออี,เดินทางด้วยตนเอง,1905
ยูเออี,นายจ้างพาลูกจ้างไปทำงานในต่างประเทศ,115
ยูเออี,VISA RE-ENTRY,59
ยูเออี,RE-ENTRY,35
ยูเออี,บริษัทจัดส่ง,6
สหรัฐอเมริกา,RE-ENTRY,685
สหรัฐอเมริกา,VISA RE-ENTRY,564
สหรัฐอเมริกา,เดินทางด้วยตนเอง,461
สหรัฐอเมริกา,บริษัทจัดส่ง,46
สหรัฐอเมริกา,กรมจัดส่ง,5
สหรัฐอเมริกา,นายจ้างพาลูกจ้างไปทำงานในต่างประเทศ,1
ลาว,RE-ENTRY,685
ลาว,VISA RE-ENTRY,564
ลาว,เดินทางด้วยตนเอง,461
ลาว,บริษัทจัดส่ง,46
ลาว,กรมจัดส่ง,5
ลาว,นายจ้างพาลูกจ้างไปทำงานในต่างประเทศ,1
