destination_country,gender,worker_count
คูเวต,ชาย,640
คูเวต,หญิง,226
ไอร์แลนด์,ชาย,562
ไอร์แลนด์,หญิง,244
โปแลนด์,ชาย,506
โปแลนด์,หญิง,200
โปแลนด์,หญิง,367
โปแลนด์,ชาย,327
บาห์เรน,หญิง,367
บาห์เรน,ชาย,327
เช็ก,หญิง,370
เช็ก,ชาย,240
อินโดนีเซีย,หญิง,469
อินโดนีเซีย,ชาย,154
อินโดนีเซีย,หญิง,370
อินโดนีเซีย,ชาย,240
อินโดนีเซีย,หญิง,569
อินโดนีเซีย,ชาย,22
อินโดนีเซีย,ชาย,445
อินโดนีเซีย,หญิง,16
ซาอุดีอาระเบีย,ชาย,445
ซาอุดีอาระเบีย,หญิง,16
สวิตเซอร์แลนด์,ชาย,262
สวิตเซอร์แลนด์,หญิง,189
มาเก๊า,ชาย,262
มาเก๊า,หญิง,189
มาเก๊า,ชาย,378
มาเก๊า,หญิง,10
กรีซ,หญิง,281
กรีซ,ชาย,80
อินเดีย,หญิง,203
อินเดีย,ชาย,124
อังกฤษ,หญิง,203
อังกฤษ,ชาย,124
เยอรมนี,หญิง,124
เยอรมนี,ชาย,110
เยอรมนี,ชาย,251
เยอรมนี,หญิง,49
แอลจีเรีย,ชาย,184
แอลจีเรีย,หญิง,45
แอลจีเรีย,หญิง,124
แอลจีเรีย,ชาย,110
ฟิลิปปินส์,ชาย,184
ฟิลิปปินส์,หญิง,45
ฟิลิปปินส์,ชาย,103
ฟิลิปปินส์,หญิง,81
ฟิลิปปินส์,ชาย,201
ไซปรัส,ชาย,103
ไซปรัส,หญิง,81
เวียดนาม,ชาย,159
เวียดนาม,หญิง,20
เวียดนาม,หญิง,121
เวียดนาม,ชาย,41
แอฟริกาใต้,ชาย,139
แอฟริกาใต้,หญิง,12
โครเอเชีย,ชาย,137
โครเอเชีย,หญิง,11
นอร์เวย์,หญิง,138
นอร์เวย์,ชาย,9
สเปน,หญิง,92
สเปน,ชาย,44
สเปน,ชาย,99
สเปน,หญิง,46
เนเธอร์แลนด์,ชาย,69
เนเธอร์แลนด์,หญิง,65
โอมาน,ชาย,123
โอมาน,หญิง,4
บังกลาเทศ,ชาย,68
บังกลาเทศ,หญิง,54
เดนมาร์ก,ชาย,99
เดนมาร์ก,หญิง,21
เมียนมา,ชาย,61
เมียนมา,หญิง,44
เมียนมา,หญิง,68
เมียนมา,ชาย,39
ปานามา,ชาย,103
ปานามา,หญิง,5
ปานามา,ชาย,61
ปานามา,หญิง,44
ปานามา,หญิง,68
ปานามา,ชาย,39
ปานามา,ชาย,80
ปานามา,หญิง,19
เกิร์นซีย์,หญิง,51
เกิร์นซีย์,ชาย,40
เกิร์นซีย์,ชาย,80
เกิร์นซีย์,หญิง,19
จีน,หญิง,59
จีน,ชาย,26
อิหร่าน,ชาย,56
อิหร่าน,หญิง,28
มอลตา,ชาย,81
มอลตา,หญิง,2
มอลตา,ชาย,48
มอลตา,หญิง,31
ยูเครน,หญิง,46
ยูเครน,ชาย,31
อุซเบกิสถาน,หญิง,71
อุซเบกิสถาน,ชาย,5
สโลวีเนีย,หญิง,71
สโลวีเนีย,ชาย,5
สโลวีเนีย,ชาย,75
มัลดีฟส์,หญิง,69
มัลดีฟส์,ชาย,1
กัมพูชา,หญิง,58
กัมพูชา,ชาย,8
กัมพูชา,หญิง,69
กัมพูชา,ชาย,1
ซูดานใต้,ชาย,42
ซูดานใต้,หญิง,15
ซูดานใต้,ชาย,33
ซูดานใต้,หญิง,29
สโลวาเกีย,ชาย,33
สโลวาเกีย,หญิง,29
โมร็อกโก,หญิง,57
โมร็อกโก,ชาย,42
โมร็อกโก,หญิง,15
สหราชอาณาจักร,หญิง,33
สหราชอาณาจักร,ชาย,19
โมซัมบิก,หญิง,34
โมซัมบิก,ชาย,14
กรีนแลนด์,ชาย,45
กรีนแลนด์,หญิง,1
กรีนแลนด์,หญิง,36
กรีนแลนด์,ชาย,8
ปาปัวนิวกินี,หญิง,22
ปาปัวนิวกินี,ชาย,19
ไนจีเรีย,ชาย,32
ไนจีเรีย,หญิง,9
อียิปต์,หญิง,22
อียิปต์,ชาย,19
อียิปต์,ชาย,39
อียิปต์,หญิง,2
เบอร์มิวดา,ชาย,21
เบอร์มิวดา,หญิง,19
หมู่เกาะนอร์เทิร์นมาเรียนา,หญิง,29
หมู่เกาะนอร์เทิร์นมาเรียนา,ชาย,9
ลัตเวีย,หญิง,32
ลัตเวีย,ชาย,4
บัลแกเรีย,หญิง,32
เลบานอน,หญิง,27
เลบานอน,ชาย,1
โคลอมเบีย,หญิง,32
ออสเตรเลีย,ชาย,14
ออสเตรเลีย,หญิง,13
ออสเตรเลีย,หญิง,25
ออสเตรเลีย,ชาย,1
เซเชลส์,ชาย,14
เซเชลส์,หญิง,13
หมู่เกาะเคย์แมน,หญิง,14
หมู่เกาะเคย์แมน,ชาย,11
ศรีลังกา,หญิง,16
ศรีลังกา,ชาย,8
โรมาเนีย,ชาย,18
โรมาเนีย,หญิง,3
อิเควทอเรียลกินี,ชาย,11
อิเควทอเรียลกินี,หญิง,10
เอสวาตินี,ชาย,19
เอสวาตินี,ชาย,11
เอสวาตินี,หญิง,10
โมนาโก,ชาย,18
โมนาโก,ชาย,19
มาดากัสการ์,ชาย,12
มาดากัสการ์,หญิง,5
เอสโตเนีย,ชาย,12
เอสโตเนีย,หญิง,5
เอสโตเนีย,ชาย,16
หมู่เกาะเติกส์และเคคอส,หญิง,16
กานา,หญิง,16
กานา,หญิง,9
กานา,ชาย,7
เบลเยียม,ชาย,13
เบลเยียม,หญิง,1
เบลเยียม,ชาย,7
เบลเยียม,หญิง,7
ภูฏาน,ชาย,10
ภูฏาน,หญิง,4
เอธิโอเปีย,ชาย,13
เอธิโอเปีย,ชาย,10
เอธิโอเปีย,หญิง,4
ไอซ์แลนด์,ชาย,12
ไอซ์แลนด์,หญิง,1
เม็กซิโก,ชาย,6
เม็กซิโก,หญิง,6
เม็กซิโก,ชาย,13
เม็กซิโก,หญิง,1
เบลารุส,ชาย,7
เบลารุส,หญิง,5
ซูดาน,หญิง,11
ไลบีเรีย,หญิง,11
บราซิล,ชาย,10
บาฮามาส,ชาย,5
บาฮามาส,หญิง,4
ตรินิแดดและโตเบโก,หญิง,7
ตรินิแดดและโตเบโก,ชาย,2
มอลโดวา,ชาย,9
มอลโดวา,หญิง,7
มอลโดวา,ชาย,2
เปรู,หญิง,8
เปรู,ชาย,7
เปรู,หญิง,2
เปรู,ชาย,10
แองโกลา,ชาย,8
ลิเบีย,ชาย,6
ลิเบีย,หญิง,1
ปารากวัย,ชาย,6
ปารากวัย,หญิง,1
ปารากวัย,ชาย,7
หมู่เกาะมาร์แชลล์,ชาย,7
ออสเตรีย,หญิง,6
แทนซาเนีย,ชาย,6
เฟรนช์พอลินีเชีย,ชาย,3
เฟรนช์พอลินีเชีย,หญิง,2
คอซอวอ,ชาย,3
คอซอวอ,หญิง,1
คอซอวอ,หญิง,2
อิรัก,ชาย,2
อิรัก,หญิง,2
ดีอาร์คองโก,ชาย,3
ดีอาร์คองโก,หญิง,1
แอลเบเนีย,ชาย,2
แอลเบเนีย,หญิง,2
สกอตแลนด์,ชาย,2
สกอตแลนด์,หญิง,2
ปากีสถาน,ชาย,2
ปากีสถาน,หญิง,2
ปากีสถาน,ชาย,3
ปากีสถาน,หญิง,1
เกาหลีเหนือ,ชาย,2
เกาหลีเหนือ,หญิง,2
มาซิโดเนียเหนือ,ชาย,3
ลิทัวเนีย,ชาย,2
ลิทัวเนีย,หญิง,1
มองโกเลีย,หญิง,3
มอริเชียส,หญิง,2
ไอล์ออฟแมน,ชาย,1
ไอล์ออฟแมน,หญิง,1
เอลซัลวาดอร์,หญิง,2
รวันดา,ชาย,1
รวันดา,หญิง,1
ฟิจิ,ชาย,1
ฟิจิ,หญิง,1
จิบูติ,ชาย,1
จิบูติ,หญิง,1
หมู่เกาะเวอร์จินของสหรัฐฯ,ชาย,1
หมู่เกาะเวอร์จินของสหรัฐฯ,หญิง,1
หมู่เกาะเวอร์จินของสหรัฐฯ,ชาย,2
หมู่เกาะเวอร์จินของสหรัฐฯ,หญิง,2
นิวแคลิโดเนีย,ชาย,2
เปอร์โตริโก,หญิง,1
ชิลี,หญิง,1
โปรตุเกส,ชาย,1788
โปรตุเกส,หญิง,1550
สวีเดน,ชาย,1788
สวีเดน,หญิง,1550
สวีเดน,หญิง,3070
สวีเดน,ชาย,543
ฮังการี,ชาย,1705
ฮังการี,หญิง,1097
ฮังการี,ชาย,2318
ฮังการี,หญิง,658
ฟินแลนด์,หญิง,1825
ฟินแลนด์,ชาย,389
ยูเออี,ชาย,1601
ยูเออี,หญิง,519
ลาว,หญิง,859
ลาว,ชาย,629
ลาว,ชาย,1601
ลาว,หญิง,519
ลาว,ชาย,1001
ลาว,หญิง,761
ลาว,หญิง,1825
ลาว,ชาย,389
อิสราเอล,ชาย,47913
อิสราเอล,หญิง,3639
