district,worker_count
อำเภอเมืองอุดรธานี,4820
อำเภอหนองหาน,4681
อำเภอเพ็ญ,4588
อำเภอสว่างแดนดิน,3442
อำเภอโพนพิสัย,2835
อำเภอบ้านผือ,2792
อำเภอบ้านดุง,2719
อำเภอเมืองหนองบัวลำภู,2636
อำเภอเมืองนครพนม,2597
อำเภอแม่ฟ้าหลวง,2548
อำเภอประทาย,2423
อำเภอแม่สรวย,2044
อำเภอเมืองหนองคาย,2041
อำเภอแก้งคร้อ,1957
อำเภอกุมภวาปี,1955
อำเภอเมืองเชียงราย,1872
อำเภอจักราช,1747
อำเภอสุวรรณคูหา,1696
อำเภอท่าบ่อ,1696
อำเภอภูเขียว,1630
อำเภอกุดจับ,1573
อำเภอปลาปาก,1561
อำเภอไชยวาน,1503
อำเภอหนองสองห้อง,1496
อำเภอหนองวัวซอ,1465
อำเภอนากลาง,1457
อำเภอวานรนิวาส,1448
อำเภอทุ่งฝน,1359
อำเภอเมืองชัยภูมิ,1353
อำเภอลำปลายมาศ,1344
อำเภอธาตุพนม,1337
อำเภอศรีสงคราม,1335
อำเภอบัวใหญ่,1329
อำเภอศรีบุญเรือง,1275
อำเภอห้วยแถลง,1269
อำเภอสร้างคอม,1262
อำเภอกู่แก้ว,1201
อำเภอเมืองนครราชสีมา,1149
อำเภอบ้านแท่น,1131
อำเภอชุมพวง,1127
อำเภอเวียงแก่น,1115
อำเภอแม่จัน,1110
อำเภอเถิน,1095
อำเภอชุมแพ,1076
อำเภอพิบูลย์รักษ์,1056
อำเภอเมืองขอนแก่น,1033
อำเภอท่าอุเทน,1025
อำเภอคง,1010
อำเภอเดชอุดม,1009
อำเภอเทิง,1005
อำเภอเมืองสตูล,1001
อำเภอพิมาย,983
อำเภอท่าตูม,976
อำเภอโนนสัง,974
อำเภอพุทไธสง,970
อำเภอประจักษ์ศิลปาคม,961
อำเภอโพนสวรรค์,956
อำเภอกระสัง,953
อำเภอศรีธาตุ,943
อำเภอเจริญศิลป์,908
อำเภอเมืองยาง,897
อำเภอคูเมือง,887
อำเภอบรบือ,875
อำเภอบ้านตาก,874
อำเภอโกสุมพิสัย,863
อำเภอคอนสวรรค์,854
อำเภอบ้านม่วง,852
อำเภอเมืองบึงกาฬ,851
อำเภอบ้านใหม่ไชยพจน์,849
อำเภอน้ำโสม,838
อำเภอเฝ้าไร่,831
อำเภอเมืองสุรินทร์,824
อำเภอบ้านด่านลานหอย,809
อำเภอศรีราชา,804
อำเภอสบปราบ,799
อำเภอพบพระ,794
อำเภอโซ่พิสัย,788
อำเภอละงู,786
อำเภอเสริมงาม,772
อำเภอทุ่งเสลี่ยม,770
อำเภอเมืองกำแพงเพชร,758
อำเภอพล,756
อำเภอเฉลิมพระเกียรติ,728
อำเภอแวงน้อย,727
อำเภอเรณูนคร,723
อำเภอบ้านไผ่,720
อำเภอเซกา,714
อำเภอเมืองบุรีรัมย์,711
อำเภอเกษตรสมบูรณ์,693
อำเภอเมืองสกลนคร,688
อำเภอหนองเรือ,684
อำเภอแก้งสนามนาง,665
อำเภออากาศอำนวย,653
อำเภอหนองบัวแดง,651
อำเภอเชียงคำ,644
อำเภอวังสามหมอ,644
อำเภอบางระกำ,642
อำเภอเมืองสุโขทัย,636
อำเภอนาโพธิ์,634
อำเภอปง,634
อำเภอสีชมพู,633
อำเภอเชียงของ,627
อำเภอกันทรลักษ์,625
อำเภอเมืองลำปาง,621
อำเภอหนองจิก,620
อำเภอตระการพืชผล,619
อำเภอเมืองสมุทรปราการ,617
อำเภอศรีสัชนาลัย,606
อำเภอสระใคร,604
อำเภอรัตนวาปี,593
อำเภอบุณฑริก,591
อำเภอน้ำพอง,586
อำเภอพิบูลมังสาหาร,578
อำเภอนาวัง,577
อำเภอยะหริ่ง,566
อำเภอจัตุรัส,566
อำเภอลำทะเมนชัย,563
อำเภอส่องดาว,563
อำเภอนาเชือก,556
อำเภอพญาเม็งราย,551
อำเภอด่านขุนทด,549
อำเภอคลองลาน,529
อำเภอเมืองตาก,528
อำเภอยางตลาด,527
อำเภอหนองไผ่,519
อำเภอประโคนชัย,512
อำเภอบ้านแพง,510
อำเภอโนนสะอาด,508
อำเภอโนนสูง,506
อำเภอเมืองมุกดาหาร,506
อำเภอนาหว้า,506
อำเภอศรีสำโรง,504
อำเภอสังขะ,502
อำเภอหนองหงส์,499
อำเภอเวียงป่าเป้า,492
อำเภอแม่อาย,491
อำเภอหนองกี่,482
อำเภอพาน,481
อำเภอมัญจาคีรี,478
อำเภอบางละมุง,474
อำเภอกุดรัง,473
อำเภอเมืองปัตตานี,472
อำเภอนาจะหลวย,469
อำเภอชำนิ,469
อำเภอเขาสวนกวาง,467
อำเภอคีรีมาศ,466
อำเภอภูเวียง,459
อำเภอเมืองมหาสารคาม,458
อำเภอปักธงชัย,457
อำเภอกันตัง,456
อำเภอพิชัย,453
อำเภอหนองบุญมาก,453
อำเภอบัวลาย,452
อำเภอปราสาท,449
อำเภอวารินชำราบ,447
อำเภอเวียงเชียงรุ้ง,445
อำเภอโพนนาแก้ว,443
อำเภอนางรอง,437
อำเภอสามเงา,434
อำเภอสตึก,430
อำเภอเทพสถิต,424
อำเภอนาแก,423
อำเภอเมืองระยอง,423
อำเภอวาปีปทุม,412
อำเภอคลองหลวง,411
อำเภอศรีเชียงใหม่,406
อำเภอเชียงดาว,405
อำเภอเมืองพิษณุโลก,403
อำเภอชุมพลบุรี,400
อำเภอเขาค้อ,396
อำเภอหาดใหญ่,395
อำเภอสะเดา,393
อำเภอปัว,393
อำเภอปลวกแดง,392
อำเภอเมืองอุบลราชธานี,390
อำเภอกันทรวิชัย,388
อำเภอหนองแสง,386
อำเภอพยัคฆภูมิพิสัย,385
อำเภอเกาะคา,384
อำเภอเมืองลำพูน,381
อำเภอคำตากล้า,379
อำเภอสีคิ้ว,379
อำเภอเขมราฐ,377
อำเภอขุขันธ์,373
อำเภอบำเหน็จณรงค์,370
อำเภอกุสุมาลย์,370
อำเภอโคกโพธิ์ไชย,368
อำเภอเมืองชลบุรี,364
อำเภอบางพลี,358
อำเภอพังโคน,358
อำเภอบัวเชด,356
อำเภอเมืองน่าน,355
อำเภอเมืองเพชรบูรณ์,350
อำเภอม่วงสามสิบ,350
อำเภออุบลรัตน์,346
อำเภอกระนวน,345
อำเภอจะนะ,344
อำเภอแม่สอด,344
อำเภอเมืองเชียงใหม่,341
อำเภอศีขรภูมิ,341
อำเภอสูงเนิน,333
อำเภอโนนไทย,329
อำเภอแม่พริก,329
อำเภอพรรณานิคม,329
อำเภอศรีวิไล,326
อำเภอสวรรคโลก,325
อำเภอเสิงสาง,325
อำเภอวังสะพุง,325
อำเภอละหานทราย,324
อำเภอพรเจริญ,324
อำเภอภูซาง,323
อำเภอลี้,323
อำเภอเมืองอำนาจเจริญ,322
อำเภอเมืองกาฬสินธุ์,322
อำเภอยางสีสุราช,322
อำเภอนายูง,321
อำเภอสำโรง,320
อำเภอเขื่องใน,318
อำเภอคอนสาร,316
อำเภอหนองนาคำ,316
อำเภอลำลูกกา,315
อำเภอวังเจ้า,313
อำเภอบ้านแฮด,313
อำเภอเมืองร้อยเอ็ด,307
อำเภอสีดา,304
อำเภอแม่ทะ,303
อำเภอกาบเชิง,296
อำเภอเสลภูมิ,296
อำเภอโนนศิลา,295
อำเภอเชียงแสน,292
อำเภอวาริชภูมิ,291
อำเภอนาทม,287
อำเภอปากคาด,286
อำเภอวังชิ้น,285
อำเภอบึงโขงหลง,285
อำเภอยะรัง,284
อำเภอภูพาน,284
อำเภอฝาง,283
อำเภอท่าวังผา,282
อำเภอเกษตรวิสัย,281
อำเภอเอราวัณ,280
อำเภอกันทรารมย์,280
อำเภอธัญบุรี,278
อำเภอแวงใหญ่,277
อำเภอบ้านกรวด,277
อำเภอสันทราย,277
อำเภอมหาชนะชัย,276
อำเภอหนองบัวระเหว,276
อำเภอเมืองพะเยา,275
อำเภอพร้าว,273
อำเภอครบุรี,272
อำเภอสุวรรณภูมิ,271
อำเภอจุน,270
อำเภอหนองกุงศรี,268
อำเภอโชคชัย,267
อำเภอดอนตาล,267
อำเภอปะคำ,265
อำเภอบ้านฝาง,264
อำเภอวิเชียรบุรี,263
อำเภองาว,259
อำเภอปะนาเระ,258
อำเภอโคกศรีสุพรรณ,256
อำเภอสิรินธร,254
อำเภอแม่ริม,253
อำเภอวังทอง,253
อำเภอสังคม,252
อำเภอเมืองสมุทรสาคร,250
อำเภอน้ำยืน,250
อำเภอไทรงาม,250
อำเภอบ้านโคก,249
อำเภอปากช่อง,246
อำเภอแม่สาย,245
อำเภอแม่วงก์,245
อำเภอแคนดง,245
อำเภอเนินสง่า,244
อำเภอบ้านเขว้า,244
อำเภอชาติตระการ,243
อำเภอบางบัวทอง,240
อำเภอแกดำ,240
อำเภอทรายทองวัฒนา,240
อำเภอนิคมพัฒนา,238
อำเภอจตุรพักตรพิมาน,237
อำเภอโพธิ์ตาก,237
อำเภอบ้านเหลื่อม,235
อำเภอศรีเมืองใหม่,235
อำเภอภักดีชุมพล,233
อำเภอขุนหาญ,233
อำเภอท่าคันโท,232
อำเภอนาคู,230
อำเภอโนนแดง,230
อำเภอเมืองนนทบุรี,229
อำเภอกุฉินารายณ์,229
อำเภอเวียงสา,227
อำเภอเมืองเลย,227
อำเภอชนบท,226
อำเภอแม่แตง,224
อำเภอผาขาว,223
อำเภอหล่มสัก,221
อำเภอเวียงชัย,220
อำเภอโพนทอง,220
อำเภอเปือยน้อย,219
อำเภอวังเหนือ,216
อำเภอลานกระบือ,216
อำเภอขามสะแกแสง,216
อำเภอเมืองปาน,213
อำเภอดอนมดแดง,213
อำเภอขุนตาล,212
อำเภออุทุมพรพิสัย,212
อำเภอมายอ,210
อำเภอแม่ลาว,208
อำเภออาจสามารถ,207
อำเภอแม่เมาะ,206
อำเภอเมืองยโสธร,206
อำเภอตาลสุม,206
เขตลาดกระบัง,205
อำเภอเมืองศรีสะเกษ,205
อำเภอเมืองนครสวรรค์,204
อำเภอพานทอง,204
อำเภอเมืองปทุมธานี,203
อำเภอเมืองสงขลา,203
อำเภอเมืองยะลา,202
อำเภอคลองขลุง,202
อำเภอกบินทร์บุรี,201
อำเภอรัตนบุรี,201
อำเภอบ้านฉาง,201
อำเภอป่าแดด,201
อำเภอสามพราน,200
อำเภอดอกคำใต้,200
อำเภอเขาฉกรรจ์,199
อำเภอพระยืน,198
อำเภอสัตหีบ,198
อำเภอน้ำปาด,196
อำเภอวังน้ำเย็น,196
อำเภอกงไกรลาศ,195
อำเภอธวัชบุรี,194
อำเภอทุ่งช้าง,193
อำเภอห้วยเม็ก,192
อำเภอสมเด็จ,192
อำเภอโพธิ์ไทร,192
อำเภอกุดข้าวปุ้น,191
เขตคลองสามวา,191
อำเภอเลิงนกทา,190
อำเภอเขาวง,189
อำเภอสองแคว,189
อำเภอบางปะอิน,188
เขตหนองจอก,184
อำเภอปากเกร็ด,183
เขตสายไหม,181
อำเภอชุมแสง,180
เขตบางเขน,179
อำเภอคำม่วง,178
อำเภอเชียงยืน,177
อำเภอแม่ระมาด,177
อำเภอเมืองอุตรดิตถ์,174
อำเภอสอง,173
อำเภอเมืองภูเก็ต,172
อำเภอหางดง,170
อำเภอสนามชัยเขต,169
อำเภอโขงเจียม,168
อำเภอบุ่งคล้า,167
อำเภอศรีณรงค์,166
อำเภอหัวตะพาน,165
อำเภอพรหมพิราม,165
เขตบางกะปิ,165
อำเภอจอมพระ,165
อำเภอสำโรงทาบ,164
อำเภอคำเขื่อนแก้ว,163
อำเภอเนินมะปราง,162
อำเภอนครไทย,160
อำเภอสะบ้าย้อย,159
อำเภอปทุมราชวงศา,159
อำเภอห้างฉัตร,159
อำเภอพรานกระต่าย,159
อำเภอบ้านด่าน,158
อำเภอราษีไศล,157
อำเภอขาณุวรลักษบุรี,156
อำเภอกุดชุม,156
เขตดอนเมือง,155
อำเภอเมืองลพบุรี,155
อำเภอศรีมหาโพธิ,155
อำเภอโนนคูณ,155
อำเภอเมืองสระแก้ว,155
อำเภอตาพระยา,154
อำเภอแม่แจ่ม,153
อำเภอเมืองกาญจนบุรี,151
อำเภอภูผาม่าน,151
เขตบางขุนเทียน,151
อำเภอสิงหนคร,150
อำเภอดอยสะเก็ด,150
อำเภอเทพา,150
อำเภอห้วยราช,150
เขตประเวศ,150
อำเภอนาดูน,149
อำเภอร้องกวาง,148
อำเภอปรางค์กู่,147
อำเภอโนนสุวรรณ,147
อำเภอโนนนารายณ์,147
อำเภอบางเสาธง,147
อำเภอชานุมาน,146
อำเภอนาตาล,146
อำเภอค้อวัง,146
อำเภอสายบุรี,145
อำเภอบึงสามพัน,144
อำเภอสารภี,143
อำเภอพนมดงรัก,142
เขตบึงกุ่ม,141
อำเภอลาดยาว,141
อำเภอหนองพอก,141
อำเภอบางบ่อ,141
อำเภอชนแดน,141
อำเภอแจ้ห่ม,140
อำเภอพระสมุทรเจดีย์,140
อำเภอรามัน,140
อำเภอภูกามยาว,140
อำเภอเทพารักษ์,139
อำเภอเชียงคาน,138
อำเภอพระทองคำ,138
เขตมีนบุรี,137
อำเภอศรีเทพ,137
อำเภอดอยหลวง,136
อำเภอเมืองนครปฐม,136
อำเภอแม่ทา,135
อำเภอวังน้อย,135
อำเภอยะหา,135
เขตบางแค,135
อำเภอสหัสขันธ์,134
เขตสวนหลวง,133
อำเภอพนมไพร,133
อำเภอแม่ออน,133
อำเภอชื่นชม,132
อำเภอโคกโพธิ์,131
อำเภอสันกำแพง,130
อำเภอกระทุ่มแบน,130
อำเภอบางใหญ่,129
อำเภอเมืองสรวง,128
อำเภอพระประแดง,128
อำเภอวัฒนานคร,127
อำเภอภูกระดึง,127
อำเภอโพทะเล,125
อำเภอจอมทอง,123
อำเภอเมืองแพร่,123
อำเภอจังหาร,121
อำเภอลอง,120
อำเภอฟากท่า,120
อำเภอบางกรวย,119
อำเภอนาเยีย,119
อำเภอบางกระทุ่ม,119
อำเภอนาด้วง,116
อำเภอเมืองฉะเชิงเทรา,115
อำเภอถลาง,115
อำเภอปางศิลาทอง,115
อำเภอขามทะเลสอ,115
อำเภอกมลาไสย,114
อำเภอแม่จริม,114
อำเภอแปลงยาว,113
อำเภอไพศาลี,112
อำเภอนิคมคำสร้อย,112
อำเภอลำดวน,111
อำเภอวังยาง,111
อำเภอเขวาสินรินทร์,111
อำเภอเชียงกลาง,111
อำเภอไชยปราการ,110
อำเภอบ้านบึง,110
เขตวังทองหลาง,109
อำเภอพนัสนิคม,109
อำเภอเสนางคนิคม,108
อำเภอปากชม,108
อำเภอตาคลี,107
อำเภอห้วยทับทัน,106
เขตจตุจักร,106
อำเภอฆ้องชัย,105
อำเภอพนา,105
อำเภอนาน้อย,104
อำเภอปาย,104
อำเภอแม่เปิน,104
อำเภอพลับพลาชัย,104
อำเภอโนนดินแดง,104
อำเภอภูสิงห์,103
อำเภอระโนด,103
อำเภอศรีรัตนะ,102
เขตหนองแขม,102
อำเภอบางมูลนาก,102
อำเภอโกสัมพีนคร,102
อำเภอโพธิ์ชัย,101
อำเภอวังหิน,100
อำเภอแก่งคอย,100
อำเภอน้ำขุ่น,99
อำเภอรือเสาะ,99
อำเภอบรรพตพิสัย,99
อำเภอด่านซ้าย,99
อำเภอตะพานหิน,98
อำเภอสันป่าตอง,98
อำเภอวังน้ำเขียว,98
อำเภอเมืองนราธิวาส,98
อำเภอวชิรบารมี,98
อำเภอปทุมรัตต์,97
อำเภอไพรบึง,97
อำเภอนามน,96
อำเภอสามง่าม,95
อำเภอสามชัย,95
อำเภอหล่มเก่า,95
อำเภอห้วยผึ้ง,95
อำเภอกุดบาก,94
อำเภอทุ่งหัวช้าง,94
อำเภอเมืองสระบุรี,94
เขตดินแดง,93
อำเภอสว่างวีระวงศ์,93
เขตลาดพร้าว,93
อำเภออรัญประเทศ,92
อำเภอวังโป่ง,92
อำเภอพยุห์,92
อำเภอสูงเม่น,92
อำเภอพนมสารคาม,92
อำเภอหนองแค,91
อำเภอเมืองพิจิตร,91
อำเภอหัวหิน,91
อำเภอท่าตะโก,91
เขตคันนายาว,89
อำเภอสนม,89
อำเภอหนองหิน,89
อำเภอสันติสุข,88
อำเภอชุมตาบง,88
เขตพระโขนง,88
อำเภอท่าปลา,87
อำเภอดงหลวง,87
อำเภอบางปะกง,86
เขตบางนา,86
อำเภอท่าแพ,86
อำเภอบ้านโป่ง,86
เขตจอมทอง,85
อำเภอเชียงขวัญ,85
เขตหลักสี่,84
อำเภอเมืองนครศรีธรรมราช,84
อำเภอพระนครศรีอยุธยา,83
อำเภอท่าสองยาง,83
อำเภอศรีสมเด็จ,83
อำเภอพยุหะคีรี,82
อำเภอเบญจลักษ์,82
อำเภอบันนังสตา,82
อำเภอเหล่าเสือโก้ก,82
อำเภอวัดโบสถ์,82
เขตธนบุรี,82
อำเภอดอนจาน,82
อำเภอนาดี,81
อำเภอบ้านค่าย,80
อำเภอป่าซาง,80
อำเภอลืออำนาจ,80
อำเภอคำชะอี,79
เขตภาษีเจริญ,79
อำเภอเมืองราชบุรี,79
อำเภอซำสูง,78
อำเภอเวียงเก่า,78
เขตบางซื่อ,78
อำเภอแม่ใจ,78
เขตทุ่งครุ,78
อำเภอเมืองสุพรรณบุรี,77
อำเภอเมืองนครนายก,77
อำเภอหนองบัว,77
อำเภอลานสัก,77
อำเภออุ้มผาง,76
เขตสะพานสูง,76
อำเภอบ้านไร่,76
อำเภอตรอน,75
อำเภอท่าศาลา,75
อำเภอแม่วาง,74
อำเภอเมืองชัยนาท,74
อำเภอหว้านใหญ่,73
เขตบางบอน,73
อำเภอบาเจาะ,73
อำเภอชัยบาดาล,72
อำเภอเมืองปราจีนบุรี,72
อำเภอกรงปินัง,72
อำเภอตากใบ,72
เขตคลองเตย,71
อำเภอโคกสูง,70
อำเภอทองแสนขัน,69
เขตห้วยขวาง,69
อำเภอท่าม่วง,68
อำเภอป่าติ้ว,68
อำเภอโพธิ์ทอง,67
อำเภอโพธิ์ประทับช้าง,67
อำเภอเมืองจันทบุรี,67
อำเภออินทร์บุรี,67
อำเภออุทัย,66
อำเภอเดิมบางนางบวช,66
อำเภอโพนทราย,66
อำเภอท่ามะกา,66
อำเภอโคกสำโรง,66
อำเภอทุ่งศรีอุดม,66
อำเภอบ้านโฮ่ง,65
อำเภออู่ทอง,65
อำเภอเชียงม่วน,65
อำเภอเสนา,64
อำเภอเมืองตรัง,64
อำเภอน้ำเกลี้ยง,64
อำเภอปราณบุรี,64
อำเภอทับคล้อ,63
อำเภอสทิงพระ,62
อำเภอลาดหลุมแก้ว,62
อำเภอเมืองประจวบคีรีขันธ์,62
อำเภอบ้านหมี่,61
อำเภอภูหลวง,61
อำเภอทรายมูล,60
อำเภอนิคมน้ำอูน,60
อำเภอคลองหาด,60
อำเภอระแงะ,60
อำเภอเวียงแหง,59
อำเภอโพธาราม,58
อำเภอซับใหญ่,58
อำเภอมวกเหล็ก,57
อำเภอท่าตะเกียบ,56
อำเภอยางชุมน้อย,56
อำเภอวังสมบูรณ์,56
อำเภอกำแพงแสน,56
อำเภอหนองฮี,56
อำเภอตะกั่วป่า,55
อำเภอสะเมิง,55
อำเภอทุ่งเขาหลวง,55
อำเภอฮอด,55
อำเภอศรีนคร,55
อำเภอแกลง,55
อำเภอศิลาลาด,55
อำเภอทองผาภูมิ,55
อำเภอแม่สะเรียง,55
เขตสาทร,54
อำเภอนครชัยศรี,53
อำเภอไทรน้อย,53
อำเภอสว่างอารมณ์,53
อำเภอเมืองสุราษฎร์ธานี,53
อำเภอกัลยาณิวัฒนา,52
อำเภอมโนรมย์,52
อำเภออมก๋อย,52
อำเภอดงเจริญ,52
เขตวัฒนา,52
อำเภอบางคล้า,51
เขตบางคอแหลม,51
เขตบางกอกน้อย,51
อำเภอรัตภูมิ,51
อำเภอวังทรายพูน,50
อำเภอหนองเสือ,50
อำเภอท่าลี่,50
อำเภอยี่งอ,50
เขตทวีวัฒนา,50
อำเภอกะทู้,49
อำเภอศรีสาคร,49
อำเภอลำสนธิ,49
อำเภอเด่นชัย,49
เขตบางพลัด,49
อำเภอหนองสูง,48
อำเภอสามโคก,48
อำเภอทุ่งยางแดง,48
อำเภอนาทวี,48
อำเภอแม่ลาน้อย,48
อำเภอสอยดาว,48
อำเภอชะอำ,48
อำเภอโพธิ์ศรีสุวรรณ,48
เขตพญาไท,48
อำเภอทัพทัน,47
อำเภอเมืองกระบี่,47
อำเภอบางเลน,47
อำเภอตากฟ้า,47
อำเภอบึงสามัคคี,47
อำเภอน้ำหนาว,46
อำเภอปากพะยูน,45
อำเภอวิเศษชัยชาญ,45
อำเภอสองพี่น้อง,45
อำเภอประจันตคาม,45
อำเภอพัฒนานิคม,45
อำเภอปางมะผ้า,44
อำเภอบ้านธิ,44
อำเภอเมืองสมุทรสงคราม,44
อำเภอลับแล,44
เขตตลิ่งชัน,44
เขตยานนาวา,43
อำเภอหันคา,43
อำเภอเมืองชุมพร,43
เขตราษฎร์บูรณะ,43
อำเภอเมืองเพชรบุรี,43
เขตดุสิต,43
อำเภอเบตง,43
อำเภอเมยวดี,42
อำเภอบ้านโพธิ์,42
อำเภอภูเรือ,42
อำเภอแม่ลาน,42
อำเภอไทยเจริญ,42
อำเภอเมืองแม่ฮ่องสอน,42
อำเภอกาบัง,41
อำเภอปากพนัง,41
อำเภอเมืองอุทัยธานี,41
อำเภอนาหมื่น,41
อำเภอบางสะพาน,40
อำเภอไทรโยค,39
อำเภอควนขนุน,39
อำเภอหนองหญ้าไซ,39
อำเภอหลังสวน,39
อำเภอเมืองตราด,39
อำเภอบ้านสร้าง,39
เขตราชเทวี,38
อำเภอสากเหล็ก,38
อำเภอเต่างอย,38
อำเภอทุ่งหว้า,38
อำเภอสามชุก,38
อำเภอเมืองพัทลุง,37
อำเภอด่านช้าง,37
อำเภอบ้านแพ้ว,36
อำเภอบางปลาม้า,36
อำเภอเมืองระนอง,36
อำเภอเก้าเลี้ยว,36
อำเภอสุไหงปาดี,35
อำเภอบึงนาราง,35
อำเภอสรรคบุรี,35
อำเภอเสาไห้,35
อำเภอเลาขวัญ,35
อำเภอบ้านนา,35
อำเภอจะแนะ,34
อำเภอโคกเจริญ,34
อำเภอโกรกพระ,34
อำเภอควนโดน,34
อำเภอพระพุทธบาท,34
อำเภอองครักษ์,34
อำเภอศรีสวัสดิ์,33
อำเภอผักไห่,33
อำเภอสรรพยา,33
อำเภอท่าเรือ,33
อำเภอทุ่งสง,33
อำเภอบ่อไร่,33
อำเภอร่องคำ,32
อำเภอเมืองอ่างทอง,32
อำเภอร่อนพิบูลย์,32
อำเภอจอมบึง,32
อำเภอควนกาหลง,32
อำเภอบางระจัน,32
อำเภอเกาะสมุย,31
อำเภอบางบาล,31
อำเภอเวียงหนองล่อง,31
อำเภอบางน้ำเปรี้ยว,31
อำเภอนครหลวง,31
อำเภอหัวไทร,30
อำเภอหนองฉาง,30
อำเภอท่าแซะ,29
อำเภอแสวงหา,29
อำเภอเมืองสิงห์บุรี,29
เขตคลองสาน,29
อำเภอศรีมโหสถ,29
อำเภอศรีประจันต์,29
อำเภอดำเนินสะดวก,29
อำเภอหนองม่วงไข่,29
อำเภอเมืองจันทร์,29
อำเภอพนมทวน,29
อำเภอบ่อพลอย,28
อำเภอเชียรใหญ่,28
อำเภอสวนผึ้ง,28
อำเภอดอยหล่อ,28
อำเภอชะอวด,28
อำเภอเขาย้อย,28
อำเภอกะพ้อ,27
อำเภอสุไหงโก-ลก,27
อำเภอบ่อทอง,27
อำเภอสบเมย,27
อำเภอห้วยยอด,27
อำเภอวิหารแดง,27
เขตบางกอกใหญ่,27
อำเภอคลองท่อม,26
อำเภอเจาะไอร้อง,26
อำเภอดอยเต่า,26
อำเภอท่ายาง,26
อำเภอขลุง,26
อำเภอบ้านหลวง,26
อำเภอดอนเจดีย์,26
อำเภอหนองมะโมง,25
อำเภอปะเหลียน,25
อำเภอวังม่วง,25
เขตปทุมวัน,25
อำเภอขุนยวม,25
อำเภอโป่งน้ำร้อน,24
อำเภอวัดสิงห์,24
อำเภอทับสะแก,24
อำเภอควนเนียง,24
อำเภอสามร้อยยอด,24
อำเภอสามโก้,24
อำเภอปากท่อ,24
อำเภอหนองปรือ,24
อำเภอบางไทร,24
อำเภอเกาะจันทร์,24
อำเภอสวี,24
อำเภอมะนัง,24
อำเภอบางแพ,24
อำเภอท่าหลวง,23
อำเภอภูเพียง,23
อำเภอสังขละบุรี,23
อำเภอพุนพิน,23
อำเภอป่าโมก,22
อำเภอสิเกา,22
อำเภอสิชล,22
อำเภอดอนตูม,22
อำเภอท่าใหม่,21
อำเภอแก่งหางแมว,21
เขตป้อมปราบศัตรูพ่าย,21
อำเภอพุทธมณฑล,21
อำเภอบางกล่ำ,21
อำเภอด่านมะขามเตี้ย,21
อำเภอท่าวุ้ง,21
อำเภอลาดบัวหลวง,21
อำเภอมหาราช,20
อำเภอไชโย,20
อำเภอหนองขาหย่าง,20
อำเภออัมพวา,20
อำเภอปากพลี,20
เขตบางรัก,20
อำเภอพรหมบุรี,19
อำเภอบางปะหัน,19
อำเภอแว้ง,19
อำเภอค่ายบางระจัน,19
อำเภอธารโต,19
อำเภอเขาสมิง,19
อำเภอป่าบอน,19
อำเภอกระบุรี,18
อำเภอไม้แก่น,18
อำเภอกาญจนดิษฐ์,18
อำเภอบ้านหมอ,18
อำเภอบ้านแหลม,18
อำเภอทุ่งใหญ่,17
อำเภอเขาชะเมา,17
อำเภอบึงบูรพ์,17
อำเภอท่าชนะ,17
อำเภอกุยบุรี,17
เขตพระนคร,17
อำเภอย่านตาขาว,17
อำเภอบ่อเกลือ,16
อำเภอเขาชัยสน,16
อำเภอห้วยคต,16
อำเภอนาหม่อม,16
อำเภอพระพรหม,16
อำเภอเนินขาม,15
อำเภอเวียงสระ,15
อำเภอบ้านลาด,15
อำเภอหนองใหญ่,15
อำเภอบางสะพานน้อย,14
อำเภอบางซ้าย,14
อำเภอกงหรา,14
อำเภอหนองม่วง,14
อำเภอฉวาง,13
อำเภอกระแสสินธุ์,13
อำเภอวังวิเศษ,13
อำเภอนาแห้ว,13
อำเภอลานสกา,13
อำเภอตะโหมด,13
อำเภอคุระบุรี,13
อำเภอปะทิว,13
อำเภอแหลมสิงห์,13
อำเภอภาชี,12
อำเภอห้วยกระเจา,12
อำเภอเกาะช้าง,12
อำเภอท่าช้าง,11
เขตสัมพันธวงศ์,11
อำเภอนาโยง,11
อำเภอดอนสัก,10
อำเภอวังจันทร์,10
อำเภอทับปุด,10
อำเภอหนองแซง,10
อำเภอเกาะลันตา,9
อำเภอคีรีรัฐนิคม,9
อำเภอราชสาส์น,9
อำเภอบางคนที,9
อำเภอเขาพนม,9
อำเภอทุ่งตะโก,9
อำเภอบ้านนาสาร,9
อำเภอสุคิริน,9
อำเภอเคียนซา,9
อำเภอเหนือคลอง,9
อำเภอบ้านคา,8
อำเภอบางขัน,8
อำเภอปลายพระยา,8
อำเภอคลองหอยโข่ง,8
อำเภอเมืองพังงา,8
อำเภอนบพิตำ,8
อำเภอบางแก้ว,8
อำเภอหนองโดน,8
อำเภอไชยา,8
อำเภอท้ายเหมือง,8
อำเภอสระโบสถ์,8
อำเภอพระแสง,8
อำเภอตะกั่วทุ่ง,8
อำเภอพนม,7
อำเภอป่าพะยอม,7
อำเภออ่าวลึก,7
อำเภอรัษฎา,7
อำเภอคลองใหญ่,7
อำเภอนายายอาม,7
อำเภอมะขาม,7
อำเภอกะเปอร์,7
อำเภอจุฬาภรณ์,7
อำเภอหาดสำราญ,7
อำเภอพิปูน,6
อำเภอหนองหญ้าปล้อง,6
อำเภอลำทับ,6
อำเภอพรหมคีรี,6
อำเภอละอุ่น,6
อำเภอแหลมงอบ,6
อำเภอละแม,6
อำเภอศรีบรรพต,5
อำเภอสุขสำราญ,5
อำเภอถ้ำพรรณรา,5
อำเภอวัดเพลง,5
อำเภอเกาะยาว,5
อำเภอเขาคิชฌกูฏ,5
อำเภอคลองเขื่อน,5
อำเภอพะโต๊ะ,4
อำเภอเกาะพะงัน,4
อำเภอกะปง,4
อำเภอนาบอน,4
อำเภอขนอม,4
อำเภอแก่งกระจาน,4
อำเภอศรีนครินทร์,4
อำเภอเกาะสีชัง,4
อำเภอบ้านตาขุน,4
อำเภอดอนพุด,3
อำเภอช้างกลาง,3
อำเภอบ้านแพรก,3
อำเภอชัยบุรี,2
อำเภอท่าฉาง,2
อำเภอบ้านนาเดิม,1
อำเภอวิภาวดี,1
